EAN;NOMBRE;COSTE;UNIDADES (stock_actual);PVP;SKU;Categoría;TIPO;TIPO_IVA;Proveedor
9788412734515;Johnny Red: El Hurricane;17,5;1;25;Libros de cómics;Cómic;4;CARTEM;
9788412640168;Ork Saga;24,46;1;34,95;Libros de cómics;Cómic;4;CARTEM;
9788417552046;Niño Prodigio;13,33;1;19,9;Libros de cómics;Cómic;4;Azeta;
9788418309663;Los Portugueses;22,21;1;33;Libros de cómics;Cómic;4;UDL;
9788418309830;Aventuras Sherlock Holmes;19,51;1;29;Libros de cómics;Cómic;4;UDL;
9788418309724;Buonaparte INT;24,23;1;36;Libros de cómics;Cómic;4;UDL;
9788418309779;América o El Desaparecido;14,81;1;22;Libros de cómics;Cómic;4;UDL;
9788418309694;Americana Nuevo Mundo;26,25;1;39;Libros de cómics;Cómic;4;UDL;
9788469602560;Astérix 9 Asturlibrosndos;9,34;1;12,95;Libros de cómics;Cómic;4;Asturlibros;
9788469602652;Astérix 18 Laureles del César;9,34;1;12,95;Libros de cómics;Cómic;4;Asturlibros;
9788469602751;Astérix 28 India;9,34;1;12,95;Libros de cómics;Cómic;4;Asturlibros;
9788469602621;Astérix 15 La cizaña;9,34;1;12,95;Libros de cómics;Cómic;4;Asturlibros;
9788469602799;Astérix 32 Nunca visto;9,34;1;12,95;Libros de cómics;Cómic;4;Asturlibros;
9788469602577;Astérix 10 Legionario;9,34;1;12,95;Libros de cómics;Cómic;4;Asturlibros;
9788469602508;Astérix 3 Godos;9,34;1;12,95;Libros de cómics;Cómic;4;Asturlibros;
9788434504011;Astérix 33 Cielo se nos cae encima;9,34;1;12,95;Libros de cómics;Cómic;4;Asturlibros;
9788469602553;Astérix 8 Bretaña;9,34;1;12,95;Libros de cómics;Cómic;4;Asturlibros;
9788469602690;Astérix 22 Gran Travesia;9,34;1;12,95;Libros de cómics;Cómic;4;Asturlibros;
9788469602737;Astérix 26 Odisea Asterix;9,34;1;12,95;Libros de cómics;Cómic;4;Asturlibros;
9788469602768;Astérix 29 Rosa Espada;9,34;1;12,95;Libros de cómics;Cómic;4;Asturlibros;
9788469602584;Astérix 11 Escudo Averno;9,34;1;12,95;Libros de cómics;Cómic;4;Asturlibros;
9788469602775;Astérix 30 Maltrago Obélix;9,34;1;12,95;Libros de cómics;Cómic;4;Asturlibros;
9788467976922;Noche Abisal;20,16;1;29,9;Libros de cómics;Cómic;4;Asturlibros;
9788410332003;Fracción de Segundo;14,81;1;22;Libros de cómics;Cómic;4;UDL;
9788410332904;Morfis 1 Huevo Cósmico;12,12;1;12;Libros de cómics;Cómic;4;UDL;
9791387927189;Sucesos Críticos Variados;16,16;1;24;Libros de cómics;Cómic;4;UDL;
9788410332799;20th Century Men;20,19;1;30;Libros de cómics;Cómic;4;Asturlibros;
9788410332768;Saquen sus muertos;12,12;1;18;Libros de cómics;Cómic;4;UDL;
9788418909603;Snow Angels 1;10,77;1;16;Libros de cómics;Cómic;4;UDL;
9788419670038;Snow Angels 2;13,46;1;20;Libros de cómics;Cómic;4;UDL;
9791387927264;El viaje;14,7;2;22;Libros de cómics;Cómic;4;Asturlibros;
9788418909900;Por Tutatis;10,09;1;15;Libros de cómics;Cómic;4;UDL;
9788415685449;Mi amigo Dahmer;12,12;1;18;Libros de cómics;Cómic;4;UDL;
9788416880775;Sherlock Frankenstein 2;10,7;1;16;Libros de cómics;Cómic;4;UDL;
9788419670014;Little Monsters 1;8,69;1;18;Libros de cómics;Cómic;4;UDL;
9788418809415;Sábanas;16,76;1;24,9;Libros de cómics;Cómic;4;UDL;
9788418909702;Black Hammer Visiones 2;10,77;1;16;Libros de cómics;Cómic;4;UDL;
9788419670991;Martillo Negro últimos días;12,79;1;19;Libros de cómics;Cómic;4;UDL;
9788419670885;Coronel Weird Andrómeda;12,79;1;19;Libros de cómics;Cómic;4;UDL;
9788419670229;El abismo del olvido;16,83;1;25;Libros de cómics;Cómic;4;UDL;
9788418215209;Regreso al Edén;12,12;1;18;Libros de cómics;Cómic;4;UDL;
9788416880218;Black Hammer 1 Orígenes Secretos;12,79;1;19;Libros de cómics;Cómic;4;UDL;
9788416880546;Black Hammer 2 El suceso;12,12;1;16;Libros de cómics;Cómic;4;UDL;
9788417575557;Black Hammer 4 La edad sombría II;12,12;1;18;Libros de cómics;Cómic;4;UDL;
9788418909597;Black Hammer 5 El Renacer I;10,77;2;16;Libros de cómics;Cómic;4;UDL;
9788419670052;Black Hammer 6 El Renacer II;11,45;1;17;Libros de cómics;Cómic;4;UDL;
9788410332065;Black Hammer 8 El fin;15,48;1;23;Libros de cómics;Cómic;4;UDL;
9788410332805;Black Hammer 9 Spiral City;16,16;1;24;Libros de cómics;Cómic;4;UDL;
9788416880225;Espacios en blanco;10,77;1;16;Libros de cómics;Cómic;4;UDL;
9788418909313;Revientacráneos y el Chico Esqueleto;12,79;1;19;Libros de cómics;Cómic;4;UDL;
9788419670281;Little Monsters 2;14,81;1;22;Libros de cómics;Cómic;4;UDL;
9788419670564;Operación Amanecer 1;10,7;1;16;Libros de cómics;Cómic;4;UDL;
9788419670847;¡Universo!;13,46;1;20;Libros de cómics;Cómic;4;UDL;
9788410332010;¡Universo! 2;12,79;1;19;Libros de cómics;Cómic;4;UDL;
9788410332676;Parker La Presa;14,81;1;22;Libros de cómics;Cómic;4;UDL;
9788410332850;Artefacto Perverso;9,42;1;14;Libros de cómics;Cómic;4;UDL;
9788410332997;Meseta;12,12;1;18;Libros de cómics;Cómic;4;UDL;
9788410332645;Bruma 1 Despertar Dragón;10,77;1;16;Libros de cómics;Cómic;4;UDL;
9788410332713;Año Que Fuimos Reyes 1;19,52;1;29;Libros de cómics;Cómic;4;UDL;
9788410332812;Violencia Gratuita;9,42;1;14;Libros de cómics;Cómic;4;UDL;
9788410332379;Anatomía Esqueleto;18,84;1;28;Libros de cómics;Cómic;4;UDL;
9788410332683;Aquí Donde Estoy;12,12;1;18;Libros de cómics;Cómic;4;UDL;
9788410332843;La Vida;10,09;1;15;Libros de cómics;Cómic;4;UDL;
9791387927004;Cuando caiga mi venganza;12,79;1;19;Libros de cómics;Cómic;4;UDL;
9791387927035;Eva Medusa;23,56;1;35;Libros de cómics;Cómic;4;UDL;
9791387927066;Cómic Radical;14,81;1;22;Libros de cómics;Cómic;4;UDL;
9788410332744;Rose en la vida;13,46;1;20;Libros de cómics;Cómic;4;UDL;
9788410332430;Arcanos Menores;12,12;1;18;Libros de cómics;Cómic;4;UDL;
9788492615452;Todo mal;15,41;1;22,9;Libros de cómics;Cómic;4;UDL;
9788410446823;Kaijuland;14,8;1;22;Libros de cómics;Cómic;4;Asturlibros;
9788416428731;Elfos 3;8,69;1;25;Libros de cómics;Cómic;4;Azeta;
9788419266705;Simpson Casa Árbol;33,6;1;49,95;Libros de cómics;Cómic;4;UDL;
9788419266712;Simpson 2 Casa Árbol;33,62;1;49,95;Libros de cómics;Cómic;4;UDL;
9788410287433;Reinos Silenciosos;13,46;1;20;Libros de cómics;Cómic;4;UDL;
9788417989590;Telémaco URGH y la corona de huesos;8,69;1;16;Libros de cómics;Cómic;4;Asturlibros;
9788410287259;Villevermine;15,63;1;25;Libros de cómics;Cómic;4;Azeta;
9788419148353;47 cuerdas;23,56;1;35;Libros de cómics;Cómic;4;UDL;
9788410287204;Happy Endings;15,63;1;25;Libros de cómics;Cómic;4;Azeta;
9788410287181;Carcoma;18,75;1;30;Libros de cómics;Cómic;4;Azeta;
9788410287372;Precious Metal;26,92;1;40;Libros de cómics;Cómic;4;UDL;
9788410287105;Lowreader 1;5,38;1;8;Libros de cómics;Cómic;4;UDL;
9788410287143;Lowreader 2;5,38;1;8;Libros de cómics;Cómic;4;UDL;
9788410287150;Lowreader 3;5,38;1;8;Libros de cómics;Cómic;4;UDL;
9788410287334;Lowreader 4;5,38;1;8;Libros de cómics;Cómic;4;UDL;
9788410287341;Lowreader 5;5,38;1;8;Libros de cómics;Cómic;4;UDL;
9788410287358;Lowreader 6;5,38;1;8;Libros de cómics;Cómic;4;UDL;
9788410287464;Lowreader 7;5,38;1;8;Libros de cómics;Cómic;4;UDL;
9788410287471;Lowreader 8;5,38;1;8;Libros de cómics;Cómic;4;UDL;
9788410287488;Lowreader 9;5,38;1;8;Libros de cómics;Cómic;4;UDL;
9788410287556;Chucho Feucho;16,38;1;25;Libros de cómics;Cómic;4;UDL;
9788410287297;Maldición Heredia;20,2;1;30;Libros de cómics;Cómic;4;UDL;
9788410287440;Silent Jenny;30,29;1;45;Libros de cómics;Cómic;4;UDL;
9788410287075;SuperGroom 1;13,46;1;20;Libros de cómics;Cómic;4;UDL;
9788419148759;SuperGroom 2;13,46;1;20;Libros de cómics;Cómic;4;UDL;
9788410287495;SuperGroom 3;13,46;1;20;Libros de cómics;Cómic;4;UDL;
9788410287532;Rebis;16,83;1;25;Libros de cómics;Cómic;4;UDL;
9788410287396;Blood Moon;16,83;1;25;Libros de cómics;Cómic;4;UDL;
9788410287563;La Nueva Arcadia;20,2;2;30;Libros de cómics;Cómic;4;UDL;
9788410287365;Las Salamandras;16,83;1;25;Libros de cómics;Cómic;4;UDL;
9788410287303;Malas Hierbas;20,2;1;30;Libros de cómics;Cómic;4;UDL;
9788410287518;Yojimbot 1;16,83;1;25;Libros de cómics;Cómic;4;UDL;
9788492534333;Lucky Luke, con la soga al cuello;8,69;1;15;Libros de cómics;Cómic;4;UDL;
9788418002441;Fearscape;11,78;1;17,5;Libros de cómics;Cómic;4;UDL;
9788419949233;Obscurcia 1;15,63;1;25;Libros de cómics;Cómic;4;Azeta;
9788419949240;Obscurcia 2;15,63;1;25;Libros de cómics;Cómic;4;Azeta;
9788467968699;Pesadillas;10,77;1;16;Libros de cómics;Cómic;4;Asturlibros;
9788467968125;La Carretera;19,83;1;29,5;Libros de cómics;Cómic;4;Asturlibros;
9788467961829;Balada para Sophie;24,91;1;37;Libros de cómics;Cómic;4;Asturlibros;
9788467980721;Resident Evil Death Island;9,04;1;14;Libros de cómics;Cómic;4;Azeta;
9788467976298;Sara Lone INT;31,22;1;49,95;Libros de cómics;Cómic;4;Azeta;
9788467978698;Jesse James;14,13;1;21;Libros de cómics;Cómic;4;Asturlibros;
9788467978810;Holly Roller;23,22;1;34,5;Libros de cómics;Cómic;4;Asturlibros;
9788467959543;Umbrella Academy INT;39,71;1;59;Libros de cómics;Cómic;4;Asturlibros;
9788467970968;Sacrificadores 1;15,63;1;25;Libros de cómics;Cómic;4;Azeta;
9788467978858;Dune:Casa Harkonnen;26,59;1;39,5;Libros de cómics;Cómic;4;Asturlibros;
9788467979855;Contrato con dios Otras Historias;18,84;1;28;Libros de cómics;Cómic;4;Asturlibros;
9788467979879;Ansia de vivir;17,5;1;26;Libros de cómics;Cómic;4;Asturlibros;
9788467979893;Avenida Dropsie;18,17;1;27;Libros de cómics;Cómic;4;Asturlibros;
9788467980141;Grommets;18,17;1;27;Libros de cómics;Cómic;4;Asturlibros;
9788467975031;Blacksad 1 25an;21,87;1;35;Libros de cómics;Cómic;4;Azeta;
9788467943818;Cuphead 1, Lances cómicos y desatinos;6,7;1;9,95;Libros de cómics;Cómic;4;Asturlibros;
9788467948707;Cuphead 2, Crónicas y calamidades caricatursecas;7,07;1;10,5;Libros de cómics;Cómic;4;Asturlibros;
9788467965087;Blacksad 7, Todo cae 2;10,76;1;16;Libros de cómics;Cómic;4;Azeta;
9788467951240;Nocturnos 1;8,69;1;49,95;Libros de cómics;Cómic;4;Asturlibros;
9788467978636;Todo al Negro ;32,3;1;48;Libros de cómics;Cómic;4;Asturlibros;
9788498475067;Hellboy 10;8,69;1;18;Libros de cómics;Cómic;4;Asturlibros;
9788467908039;Hellboy 15;8,69;1;20;Libros de cómics;Cómic;4;Asturlibros;
9788467957419;Hellboy 3 INT;32,3;1;48;Libros de cómics;Cómic;4;Asturlibros;
9788467957426;Hellboy 4 INT;30,28;1;45;Libros de cómics;Cómic;4;Asturlibros;
9788467959321;La casa de los Horizontes Perdidos;12,45;1;18,5;Libros de cómics;Cómic;4;Asturlibros;
9788467951141;Un año sin Cthulhu;20,96;1;29,95;Libros de cómics;Cómic;4;Asturlibros;
9788467959406;Post Americana;8,69;1;28;Libros de cómics;Cómic;4;Asturlibros;
9788467964608;Sexto revólver 6;26,89;1;39,95;Libros de cómics;Cómic;4;Azeta;
9788467957389;Boys INT 1 ;30,96;1;46;Libros de cómics;Cómic;4;Asturlibros;
9788467957396;Boys INT 2 ;30,96;1;46;Libros de cómics;Cómic;4;Asturlibros;
9788467957402;Boys INT 3 ;32,3;1;48;Libros de cómics;Cómic;4;Asturlibros;
9788467973822;Somna;23,55;1;35;Libros de cómics;Cómic;4;Asturlibros;
9788467919509;Clase Letal 1, Una juventud Reagan;12,12;1;18;Libros de cómics;Cómic;4;Asturlibros;
9788467921106;Clase Letal 2, Los niños del agujero negro;11,11;1;16,5;Libros de cómics;Cómic;4;Asturlibros;
9788467923421;Clase Letal 3, Nido de víboras;11,11;1;16,5;Libros de cómics;Cómic;4;Asturlibros;
9788467924848;Clase Letal 4, Muere por mí;11,11;1;16,5;Libros de cómics;Cómic;4;Asturlibros;
9788467929874;Clase Letal 6, Esto no es el final;11,11;1;16,5;Libros de cómics;Cómic;4;Asturlibros;
9788467934342;Clase Letal 7, Amor como sangre;11,11;1;16,5;Libros de cómics;Cómic;4;Asturlibros;
9788467940053;Clase Letal 8, No vuelvas nunca;11,78;1;17,5;Libros de cómics;Cómic;4;Asturlibros;
9788467943580;Clase Letal 9, Máquina de Hueso;11,44;1;17;Libros de cómics;Cómic;4;Asturlibros;
9788467951363;Clase Letal 10, Salva tu generación;12,45;1;18,5;Libros de cómics;Cómic;4;Asturlibros;
9788467959802;Clase Letal 11, Una cariñosa despedida I;12,45;1;18,5;Libros de cómics;Cómic;4;Asturlibros;
9788426148711;Tintin ED Joyas Castafiore;17,5;1;26;Libros de cómics;Cómic;4;Asturlibros;
9788426149176;Tintín LLuna CAT Àlbum Doble;16,83;1;25;Libros de cómics;Cómic;4;Asturlibros;
9788426108166;Tintín 3, Tintín en América;9,36;1;13,9;Libros de cómics;Cómic;4;Asturlibros;
9788426108371;Tintín 14, El templo del Sol;9,36;1;13,9;Libros de cómics;Cómic;4;Asturlibros;
9788426109651;Tintín 10, La estrella misteriosa;9,36;1;13,9;Libros de cómics;Cómic;4;Asturlibros;
9788426108654;Tintín 17, Objetivo: La Luna;9,36;1;13,9;Libros de cómics;Cómic;4;Asturlibros;
9788426102775;Tintín 13, Las 7 bolas de cristal;9,36;1;13,9;Libros de cómics;Cómic;4;Asturlibros;
9788426109262;Tintín 5, El loto azul;9,36;1;13,9;Libros de cómics;Cómic;4;Asturlibros;
9788426109644;Tintín 18, Aterrizaje en la luna;9,36;1;13,9;Libros de cómics;Cómic;4;Asturlibros;
9788426103826;Tintín 20, Tintín en el Tibet;9,36;1;13,9;Libros de cómics;Cómic;4;Asturlibros;
9788426103819;Tintín 18 Asunto Tornasol;9,36;1;13,9;Libros de cómics;Cómic;4;Asturlibros;
9788426155276;Tintín 7 Isla Negra;9,36;1;13,9;Libros de cómics;Cómic;4;Asturlibros;
9788426102751;Tintín 8 Cetro Ottokar;9,36;1;13,9;Libros de cómics;Cómic;4;Asturlibros;
9788426103833;Tintín 21 Joyas Castafiore;9,36;1;13,9;Libros de cómics;Cómic;4;Asturlibros;
9788426110367;Tintín 12 Tesoro Rackham;9,36;1;13,9;Libros de cómics;Cómic;4;Asturlibros;
9788410463875;Pack Mighty Morphin;20,19;1;29,99;Libros de cómics;Cómic;4;Asturlibros;
9788426110077;Tintín 22 Vuelo 714 Sidney;9,36;1;13,9;Libros de cómics;Cómic;4;Asturlibros;
9788426156662;Tintín Lago Tiburones;9,36;1;13,9;Libros de cómics;Cómic;4;Asturlibros;
9788426102782;Tintín 15 Oro Negro;9,36;1;13,9;Libros de cómics;Cómic;4;Asturlibros;
9788426110039;Tintín 19 Stock Coque;9,36;1;13,9;Libros de cómics;Cómic;4;Asturlibros;
9788418955211;Street Fighter 1;14,8;1;22;Libros de cómics;Cómic;4;Asturlibros;
9788418955358;Street Fighter 3;14,8;1;22;Libros de cómics;Cómic;4;Asturlibros;
9788418955525;Street Fighter 4;14,13;1;20,99;Libros de cómics;Cómic;4;Asturlibros;
9788418955624;Street Fighter 5;14,13;1;20,99;Libros de cómics;Cómic;4;Asturlibros;
9788418955730;Street Fighter 6;14,07;1;20,9;Libros de cómics;Cómic;4;Asturlibros;
9788410463967;TMNT 1;13,39;1;19,9;Libros de cómics;Cómic;4;Asturlibros;
;;;;;;;;;
9791387953256;TMNT Animadas 2;12,72;1;18,9;Libros de cómics;Cómic;4;Asturlibros;
9788467963106;Do a Porwerbomb;26,59;1;39,5;Libros de cómics;Cómic;4;Asturlibros;
9788467983265;El castillo de los animales 2;23,5;1;35;Libros de cómics;Cómic;4;Asturlibros;
9788412758535;Plan Huida;16,83;1;25;Libros de cómics;Cómic;4;Azeta;
9788412009279;Oro Rojo;12,12;1;18;Libros de cómics;Cómic;4;Azeta;
9788412758542;Gota Sangre;11,45;1;17;Libros de cómics;Cómic;4;Azeta;
9788412009293;Diario Refugio;11,45;1;17;Libros de cómics;Cómic;4;Azeta;
9788412009255;Rey Polillas;10,77;1;16;Libros de cómics;Cómic;4;Azeta;
9788412009231;CIeloalto;10,77;1;16;Libros de cómics;Cómic;4;Azeta;
9788412758573;Poli Raro;12,12;1;18;Libros de cómics;Cómic;4;Azeta;
9788412758597;Jaque Reina Supervillanos;11,45;1;17;Libros de cómics;Cómic;4;Azeta;
9788412992465;Sa Wala;12,12;1;18;Libros de cómics;Cómic;4;Azeta;
9788412992427;Receta de la magia;12,12;1;18;Libros de cómics;Cómic;4;Azeta;
9788412992434;Roncas;11,45;1;17;Libros de cómics;Cómic;4;Azeta;
9788412758580;Historias Punk;12,12;1;18;Libros de cómics;Cómic;4;Azeta;
9788412992489;Habitat;12,79;1;19;Libros de cómics;Cómic;4;Azeta;
9788412992472;Bienvenidos a Pandemonia;12,12;1;18;Libros de cómics;Cómic;4;Azeta;
9788410390522;Dragonfall 2 INT;14,74;1;21,9;Libros de cómics;Cómic;4;Asturlibros;
9788410390782;Dragonfall 3 INT;15,41;1;22,9;Libros de cómics;Cómic;4;Asturlibros;
9791387689339;Dragonfall 4 INT;15,41;1;22,9;Libros de cómics;Cómic;4;Asturlibros;
9791387689476;Dragonfall 1 Returns;8,08;1;12;Libros de cómics;Cómic;4;Asturlibros;
9788416436309;Historias de la puta mili 86-87;16,79;1;24,95;Libros de cómics;Cómic;4;Asturlibros;
9791388074660;Alan Moore 2000AD 1;26,86;1;39,9;Libros de cómics;Cómic;4;Asturlibros;
9788419740212;Baños Pleamar ED;23,49;1;34,9;Libros de cómics;Cómic;4;Asturlibros;
9788417255442;Tercera Ley Newton;12,12;1;18;Libros de cómics;Cómic;4;Azeta;
9788417255527;Dream Breaker;12,12;1;18;Libros de cómics;Cómic;4;Azeta;
9788417255404;Wicca Hijas Bosque;12,12;1;18;Libros de cómics;Cómic;4;Azeta;
9788417255398;Ulises;12,12;1;18;Libros de cómics;Cómic;4;Azeta;
9788417255503;Progenie;12,12;1;18;Libros de cómics;Cómic;4;Azeta;
9788494446542;2200 Fran y Picky;9,42;1;14;Libros de cómics;Cómic;4;Azeta;
9788417255046;El mejor gol;9,42;1;14;Libros de cómics;Cómic;4;Azeta;
9788417255084;Árbol Crecía Pared;9,42;1;14;Libros de cómics;Cómic;4;Azeta;
9788494446573;Sello Dragón 1 Ari Cazador;9,42;1;14;Libros de cómics;Cómic;4;Azeta;
9788417255282;Sello Dragón 2 Ira Jinete;9,42;1;14;Libros de cómics;Cómic;4;Azeta;
9788494446597;Senda Druidas;9,42;1;14;Libros de cómics;Cómic;4;Azeta;
9788417255602;Dugan;9,42;1;14;Libros de cómics;Cómic;4;Azeta;
9788417255589;Canosa y el sol;9,42;1;14;Libros de cómics;Cómic;4;Azeta;
9788417255541;Hijo de Nadie;16,83;1;25;Libros de cómics;Cómic;4;Azeta;
9788417255480;Corazón Espinas;16,83;1;25;Libros de cómics;Cómic;4;Azeta;
9788419597212;Kuno;20,2;1;30;Libros de cómics;Cómic;4;Azeta;
9788419597113;Viaje a la Luna;12,75;1;18,95;Libros de cómics;Cómic;4;Azeta;
9788417255077;Magpie World;8,08;1;12;Libros de cómics;Cómic;4;Azeta;
9788419597236;Cisne Oculto;12,79;1;19;Libros de cómics;Cómic;4;Azeta;
9788419597250;Lycan;12,79;1;19;Libros de cómics;Cómic;4;Azeta;
9788419597267;Onda Estanque;16,83;1;25;Libros de cómics;Cómic;4;Azeta;
9788410512757;I hate Fairyland 1, Loca para siempre;16,16;1;24;Libros de cómics;Cómic;4;Asturlibros;
9788491673460;I hate Fairyland 2;11,54;1;16;Libros de cómics;Cómic;4;Asturlibros;
9788412765229;El Designio;13,46;1;20;Libros de cómics;Cómic;4;Asturlibros;
9788412765236;Dum Dum;14,8;1;22;Libros de cómics;Cómic;4;Asturlibros;
9788412968224;Tokyo Zombie;10,09;1;15;Libros de cómics;Cómic;4;Asturlibros;
9791399121605;Cols La Cara B;13,46;1;20;Libros de cómics;Cómic;4;Asturlibros;
9788410264342;Luces;23,49;1;34,9;Libros de cómics;Cómic;4;UDL;
9788418809835;Frágiles;21,13;1;29,9;Libros de cómics;Cómic;4;Azeta;
9788410264182;Comfortless;16,76;1;24,9;Libros de cómics;Cómic;4;UDL;
9788416400843;El último Zap;12,12;1;18;Libros de cómics;Cómic;4;UDL;
9788410264144;Palomar 2;18,51;1;27,5;Libros de cómics;Cómic;4;UDL;
9788418809101;Balas Perdidas S&R 1;13,8;1;20,5;Libros de cómics;Cómic;4;UDL;
9788418809699;Balas Perdidas S&R 2;14,07;1;20,9;Libros de cómics;Cómic;4;UDL;
9788418809972;Balas Perdidas S&R 3;14,07;1;20,9;Libros de cómics;Cómic;4;UDL;
9788410264113;Balas Perdidas S&R 4;14,07;1;20,9;Libros de cómics;Cómic;4;UDL;
9788410264434;Rio Veneno;16,76;1;24,9;Libros de cómics;Cómic;4;UDL;
9788410264410;Laberinto Cuco;16,16;1;24;Libros de cómics;Cómic;4;UDL;
9788410264489;Tedward;18,17;1;27;Libros de cómics;Cómic;4;UDL;
9788410264427;Elmer;13,13;1;19,5;Libros de cómics;Cómic;4;UDL;
9788410264403;Chumbo;23,24;1;36;Libros de cómics;Cómic;4;UDL;
9788410264441;Joe La Pirata;18,78;1;27,9;Libros de cómics;Cómic;4;UDL;
9788410264496;La medusa;15,41;1;22,9;Libros de cómics;Cómic;4;UDL;
9788419737168;Monica;19,52;1;29;Libros de cómics;Cómic;4;UDL;
9788417910891;Maus 40 aniv;19,52;1;29;Libros de cómics;Cómic;4;Asturlibros;
9788412511222;Maus CAT;16,16;1;24;Libros de cómics;Cómic;4;Asturlibros;
9788419940902;Más Allá Escombros INT;21,56;1;29,9;Libros de cómics;Cómic;4;Asturlibros;
9788417617714;Zona Crítica;20,87;1;31;Libros de cómics;Cómic;4;UDL;
9788417617240;Hechizo Total;16,79;1;24,95;Libros de cómics;Cómic;4;UDL;
9788419737076;Sangre de la Virgen;23,56;1;35;Libros de cómics;Cómic;4;UDL;
9788417617196;Paciencia;16,82;1;24,99;Libros de cómics;Cómic;4;UDL;
9788419737373;Bola ocho INT;39,71;1;59;Libros de cómics;Cómic;4;UDL;
9788419737199;Julie Doucet 86-93;16,83;1;25;Libros de cómics;Cómic;4;UDL;
9788417617899;Dog Biscuits;16,83;1;25;Libros de cómics;Cómic;4;UDL;
9788419737083;Sibylla;16,83;1;25;Libros de cómics;Cómic;4;UDL;
9788417617844;Rohner;16,83;1;25;Libros de cómics;Cómic;4;UDL;
9788416167722;Perro Vecina;13,46;1;20;Libros de cómics;Cómic;4;UDL;
9788419737212;Ciudad Hampa;14,13;1;21;Libros de cómics;Cómic;4;UDL;
9788419737496;Hail Satan Redux;16,83;1;25;Libros de cómics;Cómic;4;UDL;
9788410471108;Walking Dead 1;30,29;1;45;Libros de cómics;Cómic;4;Planeta;
9788467437652;La resurrección del mal, Clásicos Star Wars 3;8,69;1;25;Libros de cómics;Cómic;4;Planeta;
9788491730002;Paper Girls 2;8,69;1;16,95;Libros de cómics;Cómic;4;Planeta;
9788491730019;Paper Girls 3;8,69;1;16,95;Libros de cómics;Cómic;4;Planeta;
9788491735380;Paper Girls 4;8,69;1;16,95;Libros de cómics;Cómic;4;Planeta;
9788491740667;Paper Girls 5;8,69;1;16,95;Libros de cómics;Cómic;4;Planeta;
9788413411279;Paper Girls 6;8,69;1;16,95;Libros de cómics;Cómic;4;Planeta;
9791387878160;Valentina de Montblanc;16,79;1;24,95;Libros de cómics;Cómic;4;Azeta;
9788410203198;PK 118 Transmetropolitan 1;6,7;1;9,95;Libros de cómics;Cómic;4;Asturlibros;
9788410203181;PK 117 Harley Quinn Caballero Blanco;6,7;1;9,95;Libros de cómics;Cómic;4;Asturlibros;
9788418120220;JLA: La nueva frontera Bilioteca BL;8,69;1;48;Libros de cómics;Cómic;4;Asturlibros;
9788417106065;Harley Quinn 4 La llamada del deber;8,69;1;17,95;Libros de cómics;Cómic;4;Asturlibros;
9788418293115;Sweet Tooth INT 2;8,69;1;46;Libros de cómics;Cómic;4;Asturlibros;
9788417549206;Fábulas ED 2;8,69;1;24,95;Libros de cómics;Cómic;4;Asturlibros;
9788418931567;Fábulas ED 3;8,69;1;25;Libros de cómics;Cómic;4;Asturlibros;
9788418026928;Watchmen Deluxe B/N;28,13;1;40;Libros de cómics;Cómic;4;Asturlibros;
9788417509910;Predicador 1 CV;8,79;1;12,99;Libros de cómics;Cómic;4;Asturlibros;
9788410134317;PK 110 Leones de Bagdad;7;1;9,95;Libros de cómics;Cómic;4;Asturlibros;
9788412849240;Cruzando Bosque;20,16;1;29,95;Libros de cómics;Cómic;4;Azeta;
9788410519640;Batman Año 1 y 2 DCFinest;31,22;1;49,95;Libros de cómics;Cómic;4;Azeta;
9788410519978;DC Compact 1 Superman Cuatro Estaciones;7,4;1;10,99;Libros de cómics;Cómic;4;Asturlibros;
9791370134846;DC Compact 9 Superman Otro Clavo;6,73;1;9,99;Libros de cómics;Cómic;4;Azeta;
9791370131036;DC x Sonic 1;6,7;1;9,95;Libros de cómics;Cómic;4;Asturlibros;
9791370131234;DC x Sonic 2;6,7;1;9,95;Libros de cómics;Cómic;4;Asturlibros;
9788410497344;DC Superman Grant Morrison;49,13;1;73;Libros de cómics;Cómic;4;Asturlibros;
9791370130152;DC MH 1 All Star Superman;16,83;1;25;Libros de cómics;Cómic;4;Asturlibros;
9791370130930;Nice House Lake;32,3;1;48;Libros de cómics;Cómic;4;Asturlibros;
9791370131555;La cosa del pantano 1;33,66;1;50;Libros de cómics;Cómic;4;Asturlibros;
9791370134464;DC Elseworld 3 Caballeros Oscuros Acero;32,3;1;48;Libros de cómics;Cómic;4;Asturlibros;
9788411017398;MH P Vengadores 1 La iniciativa Ultrón;8,69;1;18;Libros de cómics;Cómic;4;Asturlibros;
9788411015172;MH 17 El Castigador Bienvenido Frank;8,69;1;18;Libros de cómics;Cómic;4;Asturlibros;
9788411014328;MH 12 Planeta Hulk;8,69;1;24;Libros de cómics;Cómic;4;Asturlibros;
9788411017374;MH 56 Thanos El Regreso;8,69;1;18;Libros de cómics;Cómic;4;Asturlibros;
9788411019705;MH J Vengadores 2 Mirando al futuro;8,69;1;18;Libros de cómics;Cómic;4;Asturlibros;
9788411014304;MH 6 Thanos Origen;10,09;1;15;Libros de cómics;Cómic;4;Asturlibros;
9788411501811;MH I Patrulla-X 1 El don;16,83;1;25;Libros de cómics;Cómic;4;Asturlibros;
9788411501804;Vengadores O 1 Reunión;13,46;1;20;Libros de cómics;Cómic;4;Asturlibros;
9788411016599;MH N Vengadores 8 Illuminati;12,12;1;18;Libros de cómics;Cómic;4;Asturlibros;
9788411507844;MH 85 Vengadores Edad Heroica;16,83;1;25;Libros de cómics;Cómic;4;Asturlibros;
9788410516236;MH 98 Lobezno Retorno;13,46;1;20;Libros de cómics;Cómic;4;Azeta;
9791370133115;MH 108 Inhumanos vs Patrulla X;13,47;1;20;Libros de cómics;Cómic;4;Asturlibros;
9788411501569;Secret Wars, Integral, Marvel Now!;28,27;1;42;Libros de cómics;Cómic;4;Asturlibros;
8424248924362;Pack Espada Conan Color;20,19;1;30;Libros de cómics;Cómic;4;Asturlibros;
9788411504218;Predator, La Etapa Original, Omnibus;47,12;1;70;Libros de cómics;Cómic;4;Asturlibros;
9788410513266;Essentials 1 Vengadores Desunidos;6,73;1;9,99;Libros de cómics;Cómic;4;Asturlibros;
9788410513655;Essentials 4 Masacre;6,73;1;9,99;Libros de cómics;Cómic;4;Asturlibros;
9788410514867;Essentials 10 Dr Extraño Juramento;6,05;1;8,99;Libros de cómics;Cómic;4;Asturlibros;
9788410515680;Essentials 11 Aniquilación;6,73;1;9,99;Libros de cómics;Cómic;4;Asturlibros;
9788410515697;Essentials 12 Marvel Zombies;6,05;1;8,99;Libros de cómics;Cómic;4;Asturlibros;
9788410516120;Essentials 14 Ojo de Halcón;6,05;1;8,99;Libros de cómics;Cómic;4;Asturlibros;
9788410516571;Essentials 15 Hulk Alpha;6,73;1;9,99;Libros de cómics;Cómic;4;Asturlibros;
9788410516588;Essentials 16 Capitán América Operación Renaci;6,06;1;8,99;Libros de cómics;Cómic;4;Asturlibros;
9788410517547;Essentials 17 Hulk Omega;6,73;1;9,99;Libros de cómics;Cómic;4;Asturlibros;
9788410517554;Essentials 18 Daredevil Amarillo;6,73;1;9,99;Libros de cómics;Cómic;4;Asturlibros;
9788410518322;Essentials 20 Iron Man Extremis;6,73;1;9,99;Libros de cómics;Cómic;4;Azeta;
9791370134204;Essentials 39 Hulk Gris;8,07;1;11,99;Libros de cómics;Cómic;4;Asturlibros;
9788410512924;Masacre vs. 3 Matanza;4,03;1;5,99;Libros de cómics;Cómic;4;Asturlibros;
9788410512900;Masacre vs. 5 Ojo Halcón;4,03;1;5,99;Libros de cómics;Cómic;4;Asturlibros;
9788410512894;Masacre vs. 6 Viejo Logan;4,03;1;5,99;Libros de cómics;Cómic;4;Asturlibros;
9788410512870;Masacre vs. 8 Thanos;4,03;1;5,99;Libros de cómics;Cómic;4;Asturlibros;
9788410512863;Masacre vs. 9 X-Force;4,03;1;5,99;Libros de cómics;Cómic;4;Asturlibros;
9788410512931;Masacre vs. Pantera Negra;4,03;1;5,99;Libros de cómics;Cómic;4;Asturlibros;
9788410512917;Masacre vs. 4 Gambito;4,03;1;5,99;Libros de cómics;Cómic;4;Asturlibros;
9788410512948;Masacre vs. Matanza;4,03;1;5,99;Libros de cómics;Cómic;4;Asturlibros;
9788490948934;Crossed 1;13,43;1;19,95;Libros de cómics;Cómic;4;Asturlibros;
9791399005189;Penélope;17,5;1;26;Libros de cómics;Cómic;4;Azeta;
9791399005158;Guardianes Máscaras 1;12,12;1;18;Libros de cómics;Cómic;4;Azeta;
9788412780413;Worm Gnosis, Alas de metal;16,16;1;24;Libros de cómics;Cómic;4;Azeta;
9788412780451;Eonn 1, El valle de la  muerte;13,46;1;20;Libros de cómics;Cómic;4;Azeta;
9788412907148;Gilgamesh;16,83;1;25;Libros de cómics;Cómic;4;Azeta;
9788412907162;Eonn 2;12,12;1;18;Libros de cómics;Cómic;4;Azeta;
9791399005141;Ojos de Tormenta;13,43;1;20;Libros de cómics;Cómic;4;Azeta;
9791399005134;Astrid Audaz 4;13,43;1;20;Libros de cómics;Cómic;4;Azeta;
9788412314922;Monte Ánimas;12,12;1;18;Libros de cómics;Cómic;4;Azeta;
9788412780499;Monstruos Ibéricos Tierra Lobos;16,16;1;24;Libros de cómics;Cómic;4;Azeta;
9788412216066;Solo 1, Los supervivientes del caos 1;12,12;1;18;Libros de cómics;Cómic;4;Asturlibros;
9788412216073;Solo 2, Los supervivientes del caos 2;12,98;1;18;Libros de cómics;Cómic;4;Asturlibros;
9788412216080;Solo 3, Los supervivientes del caos 3;12,79;1;19;Libros de cómics;Cómic;4;Asturlibros;
9788412678420;Solo 4, Mundo caníbal;20,12;1;29,9;Libros de cómics;Cómic;4;Asturlibros;
9788412328073;Solo 5, Legatus;12,12;1;18;Libros de cómics;Cómic;4;Asturlibros;
9788412678413;Solo 7, El final de un círculo infinito;21,56;1;29,9;Libros de cómics;Cómic;4;Asturlibros;
9788412678451; Solo Alphas, Crónicas salvajes;14,06;1;19,5;Libros de cómics;Cómic;4;Asturlibros;
9788412947793;Solo Buscando Perdón;15,48;1;23;Libros de cómics;Cómic;4;Asturlibros;
9788412522341;Solo Caminos 2;12,12;1;18;Libros de cómics;Cómic;4;Asturlibros;
9788412678482;Solo, cuando no sabía que exisitías;14,8;1;22;Libros de cómics;Cómic;4;Asturlibros;
9788412784985;Solo Crónicas Salvajes;14,07;1;20,9;Libros de cómics;Cómic;4;Asturlibros;
9788412947779;Bestia Norte Ciudad Mentiras;19,54;1;29;Libros de cómics;Cómic;4;Asturlibros;
9788412947717;Pack Terrorífico Mundo Bobby 1;13,43;1;19,95;Libros de cómics;Cómic;4;Asturlibros;
9788412947724;Pack Terrorífico Mundo Bobby 2;13,43;1;19,95;Libros de cómics;Cómic;4;Asturlibros;
8424248925376;Spiderman Unlimited Saga 2x1;11,11;1;16,5;Libros de cómics;Cómic;4;Asturlibros;
9791370136437;MH 113 Castigador Nacimiento;10,76;1;16;Libros de cómics;Cómic;4;Asturlibros;
9791370135089;MH 112 Daredevil Jack Batallador Murdock;10,77;1;16;Libros de cómics;Cómic;4;Asturlibros;
9791370137557;MH 8 Spider-Man Miles Morales Origen;13,46;1;20;Libros de cómics;Cómic;4;Asturlibros;
9788410516274;Premiere 116 Asombroso Spiderman Regreso Ben Reilly;11,11;1;16,5;Libros de cómics;Cómic;4;Asturlibros;
9791370134402;MH 110 Veneno vs. Matanza ;10,77;1;16;Libros de cómics;Cómic;4;Asturlibros;
9791370132279;Asombroso Spiderman 14 Biblio;9,39;1;13,95;Libros de cómics;Cómic;4;Asturlibros;
9788410516007;Spiderman Sombra Duende Verde ;14,8;1;22;Libros de cómics;Cómic;4;Asturlibros;
9791370136352;DCMH 11 Superman/Batman: Supergirl;13,46;1;20;Libros de cómics;Cómic;4;Asturlibros;
9791370137267;DCMH 12 Superman Hilo Rojo;13,46;1;20;Libros de cómics;Cómic;4;Asturlibros;
9791370136901;DCBlack Label Tierra Muerta;26,92;1;40;Libros de cómics;Cómic;4;Asturlibros;
9788410513280;Yo Soy Spiderman;12,79;1;19;Libros de cómics;Cómic;4;Asturlibros;
9791370136994;DC Compact 12 Supergirl Feliz Retorno;6,73;1;9,99;Libros de cómics;Cómic;4;Asturlibros;
9791370135744;DC Elseworld Green Lantern Dark;22,21;1;33;Libros de cómics;Cómic;4;Asturlibros;
9791370136659;DC Black Label Resurrection Man ;16,16;1;24;Libros de cómics;Cómic;4;Asturlibros;
9791399121629;Carcel Pagada, Bandeja Gratis;16,49;1;24,5;Libros de cómics;Cómic;4;Asturlibros;
