EAN,NOMBRE,COSTE,UNIDADES (stock_actual),PVP,SKU,Categoría,TIPO,TIPO_IVA,Proveedor
9788419177063,17 Años,"20,16",1,"29,95",,Libros de cómics,MANGA,4,ASTURLIBROS
9788491735045,20th Century Boys  10,"10,75",0,"16,95",,Libros de cómics,MANGA,4,PLANETA
9788491735052,20th Century Boys  11,"10,75",0,"16,95",,Libros de cómics,MANGA,4,PLANETA
9788491468202,20th Century Boys  6,"11,41",0,"16,95",,Libros de cómics,MANGA,4,PLANETA
9788491735014,20th Century Boys  7,"11,41",0,"16,95",,Libros de cómics,MANGA,4,PLANETA
9788491735021,20th Century Boys  8,"10,75",0,"16,95",,Libros de cómics,MANGA,4,PLANETA
9788491735038,20th Century Boys  9,"10,75",0,"16,95",,Libros de cómics,MANGA,4,PLANETA
9788491465836,20th Century Boys 1,"11,41",1,"16,95",,Libros de cómics,MANGA,4,PLANETA
9788491467311,20th Century Boys 2,"11,41",1,"16,95",,Libros de cómics,MANGA,4,PLANETA
9788491467649,20th Century Boys 3,"11,41",1,"16,95",,Libros de cómics,MANGA,4,PLANETA
9788491468189,20th Century Boys 4,"11,41",1,"16,95",,Libros de cómics,MANGA,4,PLANETA
9788491468196,20th Century Boys 5,"11,41",0,"16,95",,Libros de cómics,MANGA,4,PLANETA
9788413410203,21th Century Boys,"11,41",0,"16,95",,Libros de cómics,MANGA,4,PLANETA
9788467969191,Academia Kimetsu 4,"6,06",1,9,,Libros de cómics,MANGA,4,ASTURLIBROS
9788467973464,Academia Kimetsu 5,"6,06",1,9,,Libros de cómics,MANGA,4,ASTURLIBROS
9788467973471,Academia Kimetsu 6,"6,06",1,9,,Libros de cómics,MANGA,4,ASTURLIBROS
9788419536624,Acero sol luna 1,"5,62",1,9,,Libros de cómics,MANGA,4,AZETA
9788419536884,Acero sol luna 2,"6,06",1,9,,Libros de cómics,MANGA,4,AZETA
9788419914149,Acero sol luna 3,"6,06",1,9,,Libros de cómics,MANGA,4,AZETA
9788419914422,Acero sol luna 4,"6,06",1,9,,Libros de cómics,MANGA,4,AZETA
9788410223127,Acero sol luna 5,"6,06",1,9,,Libros de cómics,MANGA,4,AZETA
9788410223349,Acero sol luna 6,"6,06",1,9,,Libros de cómics,MANGA,4,AZETA
9788410223790,Acero sol luna 7,"6,06",1,9,,Libros de cómics,MANGA,4,AZETA
9791387506711,Acero sol luna 8,"6,06",1,9,,Libros de cómics,MANGA,4,AZETA
9791388055416,Acero sol luna 9,"6,06",1,9,,Libros de cómics,MANGA,4,AZETA
9788419914712,Akane banashi 1,"5,72",1,"8,5",,Libros de cómics,MANGA,4,AZETA
9791388055348,Akane banashi 10,"5,72",1,"8,5",,Libros de cómics,MANGA,4,AZETA
9788418309786,Akari,"16,16",1,24,,Libros de cómics,MANGA,4,UDL
9788467932560,Akira B/N 1,"13,43",1,"19,95",,Libros de cómics,MANGA,4,ASTURLIBROS
9788467939903,Akira B/N 2,"13,43",1,"19,95",,Libros de cómics,MANGA,4,ASTURLIBROS
9788467939910,Akira B/N 3,"13,43",0,"19,95",,Libros de cómics,MANGA,4,ASTURLIBROS
9788467939927,Akira B/N 4,"15,45",1,"22,95",,Libros de cómics,MANGA,4,ASTURLIBROS
9788467939934,Akira B/N 5,"15,45",1,"22,95",,Libros de cómics,MANGA,4,ASTURLIBROS
9788467939941,Akira B/N 6,"15,45",1,"22,95",,Libros de cómics,MANGA,4,ASTURLIBROS
9788498144178,Akira Color 3,"12,47",1,"19,95",,Libros de cómics,MANGA,4,ASTURLIBROS
9791370133542,All Are Dead 1,"11,41",1,"16,95",,Libros de cómics,MANGA,4,AZETA
9788467980714,All you need is kill INT,"15,45",1,"22,95",,Libros de cómics,MANGA,4,ASTURLIBROS
9788412930641,Annarasumanara 1,"11,11",1,"16,95",,Libros de cómics,MANGA,4,AZETA
9788412930672,Annarasumanara 2,"11,41",2,"16,95",,Libros de cómics,MANGA,4,AZETA
9791399071306,Annarasumanara 3,"11,41",1,"16,95",,Libros de cómics,MANGA,4,AZETA
9789566127062,Antagonista 1,"6,39",1,"9,5",,Libros de cómics,MANGA,4,ASTURLIBROS
9788412847499,Antengai II,"7,37",1,"10,95",,Libros de cómics,MANGA,4,AZETA
9788412930658,Antengai III,"8,72",1,"12,95",,Libros de cómics,MANGA,4,AZETA
9788467931709,Antes caída SNK 10,"5,37",1,8,,Libros de cómics,MANGA,4,ASTURLIBROS
9788467932416,Antes caída SNK 11,"5,37",1,8,,Libros de cómics,MANGA,4,ASTURLIBROS
9788467934663,Antes caída SNK 12,"5,37",1,8,,Libros de cómics,MANGA,4,ASTURLIBROS
9788467936193,Antes caída SNK 13,"5,37",1,8,,Libros de cómics,MANGA,4,ASTURLIBROS
9788467936209,Antes caída SNK 14,"5,37",1,8,,Libros de cómics,MANGA,4,ASTURLIBROS
9788467938791,Antes caída SNK 15,"5,37",1,8,,Libros de cómics,MANGA,4,ASTURLIBROS
9788467938807,Antes caída SNK 16,"6,06",1,9,,Libros de cómics,MANGA,4,ASTURLIBROS
9788467942422,Antes caída SNK 17,"6,06",1,9,,Libros de cómics,MANGA,4,ASTURLIBROS
9788467922479,Antes caída SNK 5,"5,37",1,8,,Libros de cómics,MANGA,4,ASTURLIBROS
9788467924268,Antes caída SNK 6,"5,37",1,8,,Libros de cómics,MANGA,4,ASTURLIBROS
9788467924275,Antes caída SNK 7,"5,37",1,8,,Libros de cómics,MANGA,4,ASTURLIBROS
9788467928136,Antes caída SNK 8,"5,37",1,8,,Libros de cómics,MANGA,4,ASTURLIBROS
9788467929638,Antes caída SNK 9,"5,37",1,8,,Libros de cómics,MANGA,4,ASTURLIBROS
9788410305717,As the gods will 1 PROMO,"1,3",2,"1,95",,Libros de cómics,MANGA,4,AZETA
9788467960921,Ataque Titanes 1,"6,05",1,9,,Libros de cómics,MANGA,4,ASTURLIBROS
9788467964141,Ataque Titanes 1 EC,"16,49",1,"24,5",,Libros de cómics,MANGA,4,ASTURLIBROS
9788467975406,Ataque Titanes 10 EC,"16,49",1,"24,5",,Libros de cómics,MANGA,4,ASTURLIBROS
9788467975420,Ataque Titanes 11 EC,"16,49",1,"24,5",,Libros de cómics,MANGA,4,ASTURLIBROS
9788467979435,Ataque Titanes 12 EC,"11,1",1,"16,5",,Libros de cómics,MANGA,4,ASTURLIBROS
9788467964158,Ataque Titanes 2 EC,"16,49",1,"24,5",,Libros de cómics,MANGA,4,ASTURLIBROS
9788467964165,Ataque Titanes 3 EC,"16,49",1,"24,5",,Libros de cómics,MANGA,4,ASTURLIBROS
9788467964172,Ataque Titanes 4 EC,"16,49",1,"24,5",,Libros de cómics,MANGA,4,ASTURLIBROS
9788467964189,Ataque Titanes 5 EC,"16,5",1,"24,5",,Libros de cómics,MANGA,4,ASTURLIBROS
9788467972443,Ataque Titanes 6 EC,"16,49",1,"24,5",,Libros de cómics,MANGA,4,ASTURLIBROS
9788467973877,Ataque Titanes 7 EC,"16,49",1,"24,5",,Libros de cómics,MANGA,4,ASTURLIBROS
9788467975369,Ataque Titanes 8 EC,"16,49",1,"24,5",,Libros de cómics,MANGA,4,ASTURLIBROS
9788467975383,Ataque Titanes 9 EC,"16,49",1,"24,5",,Libros de cómics,MANGA,4,ASTURLIBROS
9791388055010,Atelier Arte,"18,84",1,28,,Libros de cómics,MANGA,4,AZETA
9788417373412,Atelier Witch 1,"6,06",0,9,,Libros de cómics,MANGA,4,AZETA
9788419536204,Atelier Witch 10,"5,62",1,9,,Libros de cómics,MANGA,4,AZETA
9788419914217,Atelier Witch 11,"6,06",0,9,,Libros de cómics,MANGA,4,AZETA
9788410223585,Atelier Witch 12,"6,06",0,9,,Libros de cómics,MANGA,4,AZETA
9791387506162,Atelier Witch 13,"6,06",1,9,,Libros de cómics,MANGA,4,AZETA
9791387831431,Atelier Witch 14,"6,06",0,9,,Libros de cómics,MANGA,4,AZETA
9791388055461,Atelier Witch 15,"6,06",1,9,,Libros de cómics,MANGA,4,AZETA
9788417373535,Atelier Witch 2,"6,06",1,9,,Libros de cómics,MANGA,4,AZETA
9788417373726,Atelier Witch 3,"6,06",1,9,,Libros de cómics,MANGA,4,AZETA
9788417820053,Atelier Witch 4,"6,06",1,9,,Libros de cómics,MANGA,4,AZETA
9788417820626,Atelier Witch 5,"6,06",0,9,,Libros de cómics,MANGA,4,AZETA
9788418222245,Atelier Witch 6,"6,06",0,9,,Libros de cómics,MANGA,4,AZETA
9788418222740,Atelier Witch 7,"6,06",0,9,,Libros de cómics,MANGA,4,AZETA
9788418222757,Atelier Witch 7 ED,"12,12",0,18,,Libros de cómics,MANGA,4,AZETA
9788418788581,Atelier Witch 8,"6,06",0,9,,Libros de cómics,MANGA,4,AZETA
9788419195456,Atelier Witch 9,"6,06",1,9,,Libros de cómics,MANGA,4,AZETA
9791387831912,Atelier Witch Hat EG 1,"16,16",0,24,,Libros de cómics,MANGA,4,AZETA
9791388055225,Atelier Witch Hat EG 2,15,1,24,,Libros de cómics,MANGA,4,AZETA
9791388055362,ATOM 18,"6,06",1,9,,Libros de cómics,MANGA,4,AZETA
9788410223172,Badducks 1,"6,39",1,"9,5",,Libros de cómics,MANGA,4,AZETA
9788410223370,Badducks 2,"6,39",1,"9,5",,Libros de cómics,MANGA,4,AZETA
9788410223578,Badducks 3,"6,39",1,"9,5",,Libros de cómics,MANGA,4,AZETA
9788410223929,Badducks 4,"6,39",1,"9,5",,Libros de cómics,MANGA,4,AZETA
9788467979497,Barco Teseo 1,"12,19",0,"19,5",,Libros de cómics,MANGA,4,ASTURLIBROS
9788467979503,Barco Teseo 2,"13,12",1,"19,5",,Libros de cómics,MANGA,4,ASTURLIBROS
9788467979510,Barco Teseo 3,"13,12",1,"19,5",,Libros de cómics,MANGA,4,ASTURLIBROS
9791399163032,Bastard 3,"13,43",1,"19,95",,Libros de cómics,MANGA,4,AZETA
9788416401079,BDZ Guerrers 5 Anime,"7,07",1,"10,5",,Libros de cómics,MANGA,4,PLANETA
9788416244478,BDGT 100 anys CAT,"7,1",2,"10,5",,Libros de cómics,MANGA,4,PLANETA
9788416636532,BDZ Rivals Forts CAT,"7,07",0,"10,5",,Libros de cómics,MANGA,4,PLANETA
9791388055140,Beat Motion 6,"8,08",1,12,,Libros de cómics,MANGA,4,AZETA
9788467977097,Become Lord Elden Ring 1,"10,74",1,"15,95",,Libros de cómics,MANGA,4,ASTURLIBROS
8424248924911,Berserk Maximum 21 Postales,"14,78",4,"21,95",,Libros de cómics,MANGA,4,ASTURLIBROS
9788411015035,Berserk Maximum 1,"11,41",0,"16,95",,Libros de cómics,MANGA,4,ASTURLIBROS
9788411017732,Berserk Maximum 10,"11,41",0,"16,95",,Libros de cómics,MANGA,4,ASTURLIBROS
9788411500906,Berserk Maximum 11,"11,41",0,"16,95",,Libros de cómics,MANGA,4,ASTURLIBROS
9788411500913,Berserk Maximum 12,"11,41",0,"16,95",,Libros de cómics,MANGA,4,ASTURLIBROS
9788411500920,Berserk Maximum 13,"11,41",0,"16,95",,Libros de cómics,MANGA,4,ASTURLIBROS
9788411019415,Berserk Maximum 14,"11,41",1,"16,95",,Libros de cómics,MANGA,4,ASTURLIBROS
9788411017015,Berserk Maximum 15,"11,41",1,"16,95",,Libros de cómics,MANGA,4,ASTURLIBROS
9788411017022,Berserk Maximum 16,"11,41",1,"16,95",,Libros de cómics,MANGA,4,ASTURLIBROS
9788411017039,Berserk Maximum 17,"11,41",1,"16,95",,Libros de cómics,MANGA,4,ASTURLIBROS
9788411017749,Berserk Maximum 18,"11,41",1,"16,95",,Libros de cómics,MANGA,4,ASTURLIBROS
9788411017046,Berserk Maximum 19,"11,41",1,"16,95",,Libros de cómics,MANGA,4,ASTURLIBROS
9788411016964,Berserk Maximum 2,"11,41",0,"16,95",,Libros de cómics,MANGA,4,ASTURLIBROS
9788411017756,Berserk Maximum 20,"11,41",1,"16,95",,Libros de cómics,MANGA,4,ASTURLIBROS
9788410519220,Berserk Maximum 21,"11,41",6,"16,95",,Libros de cómics,MANGA,4,ASTURLIBROS
9788411016971,Berserk Maximum 3,"11,41",1,"16,95",,Libros de cómics,MANGA,4,ASTURLIBROS
9788411015042,Berserk Maximum 4,"11,41",1,"16,95",,Libros de cómics,MANGA,4,ASTURLIBROS
9788411016988,Berserk Maximum 5,"11,41",2,"16,95",,Libros de cómics,MANGA,4,ASTURLIBROS
9788411015059,Berserk Maximum 6,"11,41",1,"16,95",,Libros de cómics,MANGA,4,ASTURLIBROS
9788411016995,Berserk Maximum 7,"11,41",1,"16,95",,Libros de cómics,MANGA,4,ASTURLIBROS
9788411017725,Berserk Maximum 8,"11,41",1,"16,95",,Libros de cómics,MANGA,4,ASTURLIBROS
9788411017008,Berserk Maximum 9,"11,41",1,"16,95",,Libros de cómics,MANGA,4,ASTURLIBROS
9788412930627,Bibliomania ED,"13,43",1,"18,95",,Libros de cómics,MANGA,4,AZETA
9788413347677,Bleach Maximum 15,"10,09",1,"16,95",,Libros de cómics,MANGA,4,ASTURLIBROS
9791387822323,Bloody Eye 1,"6,7",1,"9,95",,Libros de cómics,MANGA,4,ASTURLIBROS
9791387506308,Blue Moment,"6,06",1,9,,Libros de cómics,MANGA,4,AZETA
9791388055102,Blue Period 17,"6,06",1,9,,Libros de cómics,MANGA,4,AZETA
9791387506230,Boda Luciérnagas 1,"6,06",0,9,,Libros de cómics,MANGA,4,AZETA
9791387506599,Boda Luciérnagas 2,"6,06",1,9,,Libros de cómics,MANGA,4,AZETA
9791387506865,Boda Luciérnagas 3,"6,06",0,9,,Libros de cómics,MANGA,4,AZETA
9791387831196,Boda Luciérnagas 4,"6,06",0,9,,Libros de cómics,MANGA,4,AZETA
9791387831448,Boda Luciérnagas 5,"6,06",0,9,,Libros de cómics,MANGA,4,AZETA
9791387831820,Boda Luciérnagas 6,"6,06",1,9,,Libros de cómics,MANGA,4,AZETA
9791388055041,Boda Luciérnagas 7,"6,06",1,9,,Libros de cómics,MANGA,4,AZETA
9791388055447,Boda Luciérnagas 9,"6,06",1,9,,Libros de cómics,MANGA,4,AZETA
9791387831806,Boichi Pack Historias Cortas,"13,46",1,20,,Libros de cómics,MANGA,4,AZETA
9788413418834,Bola Drac ED 1,"8,71",3,"12,95",,Libros de cómics,MANGA,4,PLANETA
9788413418926,Bola Drac ED 10,"8,04",1,"12,95",,Libros de cómics,MANGA,4,PLANETA
9788413418933,Bola Drac ED 11,"8,04",0,"12,95",,Libros de cómics,MANGA,4,PLANETA
9788413418940,Bola Drac ED 12,"8,04",0,"12,95",,Libros de cómics,MANGA,4,PLANETA
9788413418957,Bola Drac ED 13,"8,04",1,"12,95",,Libros de cómics,MANGA,4,PLANETA
9788413418964,Bola Drac ED 14,"8,04",1,"12,95",,Libros de cómics,MANGA,4,PLANETA
9788413418971,Bola Drac ED 15,"8,04",0,"12,95",,Libros de cómics,MANGA,4,PLANETA
9788413418988,Bola Drac ED 16,"8,04",1,"12,95",,Libros de cómics,MANGA,4,PLANETA
9788413418995,Bola Drac ED 17,"8,04",0,"12,95",,Libros de cómics,MANGA,4,PLANETA
9788413419008,Bola Drac ED 18,"8,04",1,"12,95",,Libros de cómics,MANGA,4,PLANETA
9788413419015,Bola Drac ED 19,"8,04",0,"12,95",,Libros de cómics,MANGA,4,PLANETA
9788413418841,Bola Drac ED 2,"8,71",1,"12,95",,Libros de cómics,MANGA,4,PLANETA
9788413419022,Bola Drac ED 20,"8,04",1,"12,95",,Libros de cómics,MANGA,4,PLANETA
9788413419039,Bola Drac ED 21,"8,04",1,"12,95",,Libros de cómics,MANGA,4,PLANETA
9788413419046,Bola Drac ED 22,"8,04",0,"12,95",,Libros de cómics,MANGA,4,PLANETA
9788413419053,Bola Drac ED 23,"8,04",1,"12,95",,Libros de cómics,MANGA,4,PLANETA
9788413419060,Bola Drac ED 24,"8,04",0,"12,95",,Libros de cómics,MANGA,4,PLANETA
9788413419077,Bola Drac ED 25,"8,04",0,"12,95",,Libros de cómics,MANGA,4,PLANETA
9788411123174,Bola Drac ED 26,"8,04",1,"12,95",,Libros de cómics,MANGA,4,PLANETA
9788413419091,Bola Drac ED 27,"8,04",0,"12,95",,Libros de cómics,MANGA,4,PLANETA
9788413419107,Bola Drac ED 28,"8,04",0,"12,95",,Libros de cómics,MANGA,4,PLANETA
9788413419114,Bola Drac ED 29,"8,04",1,"12,95",,Libros de cómics,MANGA,4,PLANETA
9788413418858,Bola Drac ED 3,"8,72",1,"12,95",,Libros de cómics,MANGA,4,PLANETA
9788413419121,Bola Drac ED 30,"8,04",1,"12,95",,Libros de cómics,MANGA,4,PLANETA
9788413419138,Bola Drac ED 31,"8,04",0,"12,95",,Libros de cómics,MANGA,4,PLANETA
9788413419145,Bola Drac ED 32,"8,72",1,"12,95",,Libros de cómics,MANGA,4,PLANETA
9788413419152,Bola Drac ED 33,"8,72",1,"12,95",,Libros de cómics,MANGA,4,PLANETA
9788413419169,Bola Drac ED 34,"8,04",1,"12,95",,Libros de cómics,MANGA,4,PLANETA
9788413418865,Bola Drac ED 4,"8,72",1,"12,95",,Libros de cómics,MANGA,4,PLANETA
9788413418872,Bola Drac ED 5,"8,72",1,"12,95",,Libros de cómics,MANGA,4,PLANETA
9788413418889,Bola Drac ED 6,"8,72",1,"12,95",,Libros de cómics,MANGA,4,PLANETA
9788413418896,Bola Drac ED 7,"8,72",1,"12,95",,Libros de cómics,MANGA,4,PLANETA
9788413418902,Bola Drac ED 8,"8,72",1,"12,95",,Libros de cómics,MANGA,4,PLANETA
9788413418919,Bola Drac ED 9,"8,04",1,"12,95",,Libros de cómics,MANGA,4,PLANETA
9788419177087,Borregos Red 1,"9,76",1,"14,5",,Libros de cómics,MANGA,4,ASTURLIBROS
9788419177094,Borregos Red 2,"9,76",1,"14,5",,Libros de cómics,MANGA,4,ASTURLIBROS
9788419536983,Boy's Abyss 10,"6,06",1,9,,Libros de cómics,MANGA,4,AZETA
9788419914491,Boy's Abyss 12,"6,06",1,9,,Libros de cómics,MANGA,4,AZETA
9788419195975,Boy's Abyss 6,"6,06",1,9,,Libros de cómics,MANGA,4,AZETA
9788419536297,Boy's Abyss 7,"6,06",1,9,,Libros de cómics,MANGA,4,AZETA
9788419536464,Boy's Abyss 8,"6,06",1,9,,Libros de cómics,MANGA,4,AZETA
9788419536808,Boy's Abyss 9,"6,06",1,9,,Libros de cómics,MANGA,4,AZETA
9791387506209,Boy's Abyss 17,"6,06",0,9,,Libros de cómics,MANGA,4,AZETA
9791387506742,Boy's Abyss 18,"6,06",1,9,,Libros de cómics,MANGA,4,AZETA
9788467970173,Brillo Noches Luna INT,"12,12",1,18,,Libros de cómics,MANGA,4,ASTURLIBROS
9791388055188,Buenas noches mar 2,"6,73",1,10,,Libros de cómics,MANGA,4,AZETA
9791388178788,Bug Ego 1,"6,66",0,"9,9",,Libros de cómics,MANGA,4,ASTURLIBROS
9791388178832,Bug Ego 2,"6,66",0,"9,9",,Libros de cómics,MANGA,4,ASTURLIBROS
9791388298257,Bug Ego 3,"6,66",1,"9,9",,Libros de cómics,MANGA,4,ASTURLIBROS
9791388055485,Bugle Call 1,"6,06",2,9,,Libros de cómics,MANGA,4,AZETA
9788418309809,Callejeando Perro Fantasma,"15,48",1,23,,Libros de cómics,MANGA,4,UDL
9788467963021,Cardcaptor Sakura 1,"7,37",1,"10,95",,Libros de cómics,MANGA,4,ASTURLIBROS
9788467928181,Cardcaptor Sakura 2,"7,37",1,"10,95",,Libros de cómics,MANGA,4,ASTURLIBROS
9788467939958,Cardcaptor Sakura 3,"6,7",1,"9,95",,Libros de cómics,MANGA,4,ASTURLIBROS
9788467939965,Cardcaptor Sakura 4,"6,7",0,"9,95",,Libros de cómics,MANGA,4,ASTURLIBROS
9788467939972,Cardcaptor Sakura 5,"6,7",1,"9,95",,Libros de cómics,MANGA,4,ASTURLIBROS
9788467939989,Cardcaptor Sakura 6,"6,7",1,"9,95",,Libros de cómics,MANGA,4,ASTURLIBROS
9788467939996,Cardcaptor Sakura 7,"6,7",1,"9,95",,Libros de cómics,MANGA,4,ASTURLIBROS
9788467940008,Cardcaptor Sakura 8,"6,7",1,"9,95",,Libros de cómics,MANGA,4,ASTURLIBROS
9788467940015,Cardcaptor Sakura 9,"6,7",1,"9,95",,Libros de cómics,MANGA,4,ASTURLIBROS
9788467941159,Chainsaw Man 1,"6,06",0,9,,Libros de cómics,MANGA,4,ASTURLIBROS
9788467947991,Chainsaw Man 10,"6,06",1,9,,Libros de cómics,MANGA,4,ASTURLIBROS
9788467948004,Chainsaw Man 11,"6,06",0,9,,Libros de cómics,MANGA,4,ASTURLIBROS
9788467959741,Chainsaw Man 12,"6,06",0,9,,Libros de cómics,MANGA,4,ASTURLIBROS
9788467961560,Chainsaw Man 13,"6,05",1,9,,Libros de cómics,MANGA,4,ASTURLIBROS
9788467963618,Chainsaw Man 14,"6,06",1,9,,Libros de cómics,MANGA,4,ASTURLIBROS
9788467965346,Chainsaw Man 15,"6,08",1,9,,Libros de cómics,MANGA,4,ASTURLIBROS
9788467969696,Chainsaw Man 16,"6,06",0,9,,Libros de cómics,MANGA,4,ASTURLIBROS
9788467971767,Chainsaw Man 17,"6,06",1,9,,Libros de cómics,MANGA,4,ASTURLIBROS
9788467971781,Chainsaw Man 18,"6,06",1,9,,Libros de cómics,MANGA,4,ASTURLIBROS
9788467976175,Chainsaw Man 19,"6,06",1,9,,Libros de cómics,MANGA,4,ASTURLIBROS
9788467942620,Chainsaw Man 2,"6,06",1,9,,Libros de cómics,MANGA,4,ASTURLIBROS
9788467976199,Chainsaw Man 20,"6,06",1,9,,Libros de cómics,MANGA,4,ASTURLIBROS
9788467982114,Chainsaw Man 21,"6,06",1,9,,Libros de cómics,MANGA,4,ASTURLIBROS
9788467982138,Chainsaw Man 22,"6,06",1,9,,Libros de cómics,MANGA,4,ASTURLIBROS
9788467943511,Chainsaw Man 3,"6,06",0,9,,Libros de cómics,MANGA,4,ASTURLIBROS
9788467944174,Chainsaw Man 4,"6,06",1,9,,Libros de cómics,MANGA,4,ASTURLIBROS
9788467945096,Chainsaw Man 5,"6,06",0,9,,Libros de cómics,MANGA,4,ASTURLIBROS
9788467946451,Chainsaw Man 6,"6,06",1,9,,Libros de cómics,MANGA,4,ASTURLIBROS
9788467946468,Chainsaw Man 7,"6,06",0,9,,Libros de cómics,MANGA,4,ASTURLIBROS
9788467946475,Chainsaw Man 8,"6,06",1,9,,Libros de cómics,MANGA,4,ASTURLIBROS
9788467947984,Chainsaw Man 9,"6,05",0,9,,Libros de cómics,MANGA,4,ASTURLIBROS
9791387831424,Chica Quemada 1,"6,39",1,"9,5",,Libros de cómics,MANGA,4,AZETA
9791387831622,Chica Quemada 2,"6,39",1,"9,5",,Libros de cómics,MANGA,4,AZETA
9791387831875,Chica Quemada 3,"6,39",1,"9,5",,Libros de cómics,MANGA,4,AZETA
9791388055089,Chica Quemada 4,"6,39",1,"9,5",,Libros de cómics,MANGA,4,AZETA
9788467958089,Choujin X 1,"6,06",2,9,,Libros de cómics,MANGA,4,ASTURLIBROS
9788467975864,Choujin X 10,"6,37",1,10,,Libros de cómics,MANGA,4,ASTURLIBROS
9788467981582,Choujin X 11,"6,37",1,10,,Libros de cómics,MANGA,4,ASTURLIBROS
9788467958096,Choujin X 2,"6,06",1,9,,Libros de cómics,MANGA,4,ASTURLIBROS
9788467960532,Choujin X 3,"6,06",1,9,,Libros de cómics,MANGA,4,ASTURLIBROS
9788467960549,Choujin X 4,"5,62",0,9,,Libros de cómics,MANGA,4,ASTURLIBROS
9788467960556,Choujin X 5,"6,05",1,9,,Libros de cómics,MANGA,4,ASTURLIBROS
9788467965360,Choujin X 6,"6,05",1,9,,Libros de cómics,MANGA,4,ASTURLIBROS
9788467969481,Choujin X 7,"6,05",1,9,,Libros de cómics,MANGA,4,ASTURLIBROS
9788467969498,Choujin X 8,"6,06",0,9,,Libros de cómics,MANGA,4,ASTURLIBROS
9788467975178,Choujin X 9,"6,73",1,10,,Libros de cómics,MANGA,4,ASTURLIBROS
9791388055331,Color Collection,"6,39",1,"9,5",,Libros de cómics,MANGA,4,AZETA
9788418309533,Confines Sueños,"16,16",1,24,,Libros de cómics,MANGA,4,UDL
9791399140583,Cuando Florece Deseo 1,"5,38",1,8,,Libros de cómics,MANGA,4,AZETA
9788467951585,Dan Da Dan 1,"6,06",3,9,,Libros de cómics,MANGA,4,ASTURLIBROS
9788467965155,Dan Da Dan 10,"6,05",0,9,,Libros de cómics,MANGA,4,ASTURLIBROS
9788467965162,Dan Da Dan 11,"6,06",2,9,,Libros de cómics,MANGA,4,ASTURLIBROS
9788467971279,Dan Da Dan 12,"6,06",1,9,,Libros de cómics,MANGA,4,ASTURLIBROS
9788467971286,Dan Da Dan 13,"6,06",1,9,,Libros de cómics,MANGA,4,ASTURLIBROS
9788467973440,Dan Da Dan 14,"6,06",1,9,,Libros de cómics,MANGA,4,ASTURLIBROS
9788467973457,Dan Da Dan 15,"6,06",1,9,,Libros de cómics,MANGA,4,ASTURLIBROS
9788467976984,Dan Da Dan 16,"6,05",1,9,,Libros de cómics,MANGA,4,ASTURLIBROS
9788467976991,Dan Da Dan 17,"6,06",1,9,,Libros de cómics,MANGA,4,ASTURLIBROS
9788467977004,Dan Da Dan 18,"6,06",1,9,,Libros de cómics,MANGA,4,ASTURLIBROS
9788467981483,Dan Da Dan 19,"6,06",1,9,,Libros de cómics,MANGA,4,ASTURLIBROS
9788467951592,Dan Da Dan 2,"6,05",0,9,,Libros de cómics,MANGA,4,ASTURLIBROS
9788467981490,Dan Da Dan 20,"6,06",1,9,,Libros de cómics,MANGA,4,ASTURLIBROS
9788467951615,Dan Da Dan 3,"6,05",1,9,,Libros de cómics,MANGA,4,ASTURLIBROS
9788467959413,Dan Da Dan 4,"6,06",1,9,,Libros de cómics,MANGA,4,ASTURLIBROS
9788467975055,Dan Da Dan 5,"6,06",1,9,,Libros de cómics,MANGA,4,ASTURLIBROS
9788467961737,Dan Da Dan 6,"6,05",1,9,,Libros de cómics,MANGA,4,ASTURLIBROS
9788467963472,Dan Da Dan 7,"6,06",1,9,,Libros de cómics,MANGA,4,ASTURLIBROS
9788467963489,Dan Da Dan 8,"6,05",1,9,,Libros de cómics,MANGA,4,ASTURLIBROS
9788467965148,Dan Da Dan 9,"6,05",1,9,,Libros de cómics,MANGA,4,ASTURLIBROS
9788418309762,Daño Cerebral,"16,16",1,24,,Libros de cómics,MANGA,4,UDL
9788419177865,Dark Angel INT,"23,56",1,35,,Libros de cómics,MANGA,4,ASTURLIBROS
9791387506674,Daydream Hour,"16,16",1,24,,Libros de cómics,MANGA,4,AZETA
9788411618878,DB Legend 2,"86,54",1,150,,Libros de cómics,MANGA,4,PLANETA
9788491460008,DB Super 1,"5,47",2,"8,5",,Libros de cómics,MANGA,4,PLANETA
9788413416175,DB Super 10,"5,72",0,"8,5",,Libros de cómics,MANGA,4,PLANETA
9788413416700,DB Super 11,"5,72",1,"8,5",,Libros de cómics,MANGA,4,PLANETA
9788413416717,DB Super 12,"5,72",0,"8,5",,Libros de cómics,MANGA,4,PLANETA
9788491730316,DB Super 13,"5,35",0,"8,5",,Libros de cómics,MANGA,4,PLANETA
9788491746423,DB Super 14,"5,72",0,"8,5",,Libros de cómics,MANGA,4,PLANETA
9788491746430,DB Super 15,"5,72",0,"8,5",,Libros de cómics,MANGA,4,PLANETA
9788491746447,DB Super 16,"5,72",1,"8,5",,Libros de cómics,MANGA,4,PLANETA
9788491746454,DB Super 17,"5,72",0,"8,5",,Libros de cómics,MANGA,4,PLANETA
9788491746461,DB Super 18,"5,72",0,"8,5",,Libros de cómics,MANGA,4,PLANETA
9788491746478,DB Super 19,"5,72",1,"8,5",,Libros de cómics,MANGA,4,PLANETA
9788491468295,DB Super 2,"5,35",1,"8,5",,Libros de cómics,MANGA,4,PLANETA
9788411401531,DB Super 20,"5,71",1,"8,5",,Libros de cómics,MANGA,4,PLANETA
9788411401548,DB Super 21,"5,72",0,"8,5",,Libros de cómics,MANGA,4,PLANETA
9788411618502,DB Super 22,"5,72",1,"8,5",,Libros de cómics,MANGA,4,PLANETA
9791387780746,DB Super 23,"5,72",1,"8,5",,Libros de cómics,MANGA,4,PLANETA
9791387918408,DB Super 24,"5,72",1,"8,5",,Libros de cómics,MANGA,4,PLANETA
9788416636495,DB Super 3,"5,72",1,"8,5",,Libros de cómics,MANGA,4,PLANETA
9788416636501,DB Super 4,"5,72",1,"8,5",,Libros de cómics,MANGA,4,PLANETA
9788413410135,DB Super 5,"5,35",1,"8,5",,Libros de cómics,MANGA,4,PLANETA
9788413410142,DB Super 6,"5,35",0,"8,5",,Libros de cómics,MANGA,4,PLANETA
9788413410159,DB Super 7,"5,35",0,"8,5",,Libros de cómics,MANGA,4,PLANETA
9788413415796,DB Super 8,"5,35",1,"8,5",,Libros de cómics,MANGA,4,PLANETA
9788413415802,DB Super 9,"5,35",0,"8,5",,Libros de cómics,MANGA,4,PLANETA
9788416244461,DBGT 100 años después,"7,07",0,"10,5",,Libros de cómics,MANGA,4,PLANETA
9788416636082,DBZ Ataque Dragón,"7,07",0,"10,5",,Libros de cómics,MANGA,4,PLANETA
9788416889846,DBZ Batalla al límite,"7,07",0,"10,5",,Libros de cómics,MANGA,4,PLANETA
9788416308965,DBZ Batalla Ardent CAT,"7,07",0,"10,5",,Libros de cómics,MANGA,4,PLANETA
9788416476763,DBZ Combate Definitivo,"7,07",0,"10,5",,Libros de cómics,MANGA,4,PLANETA
9788491468240,DBZ Garlic Junior CAT,7,0,"10,5",,Libros de cómics,MANGA,4,PLANETA
9788491468233,DBZ Garlic Junior Inmortal,"7,07",0,"10,5",,Libros de cómics,MANGA,4,PLANETA
9788416889754,DBZ Guerreros de fuerza ilimitada,"7,07",0,"10,5",,Libros de cómics,MANGA,4,PLANETA
9788416636440,DBZ Guerreros Plata,"7,07",0,"10,5",,Libros de cómics,MANGA,4,PLANETA
9788415866008,DBZ L'atac del drac,"7,07",1,"10,5",,Libros de cómics,MANGA,4,PLANETA
9788416889761,DBZ Lluita Guerrers CAT,"7,07",0,"10,5",,Libros de cómics,MANGA,4,PLANETA
9788416636525,DBZ Mejores Rivales,"7,07",0,"10,5",,Libros de cómics,MANGA,4,PLANETA
9788491468288,DBZ Més fort món,"7,07",0,"10,5",,Libros de cómics,MANGA,4,PLANETA
9788416401246,DBZ Regreso Broly,"7,07",1,"10,5",,Libros de cómics,MANGA,4,PLANETA
9788416889976,DBZ Renaixement de la fusió,"7,07",0,"10,5",,Libros de cómics,MANGA,4,PLANETA
9788416889983,DBZ Resurrección de F,"10,07",0,"14,95",,Libros de cómics,MANGA,4,PLANETA
9788416401253,DBZ Retorn Broly,"7,07",1,"10,5",,Libros de cómics,MANGA,4,PLANETA
9788491468349,DBZ Son Goku El Superguerrer CAT,"7,07",1,"10,5",,Libros de cómics,MANGA,4,PLANETA
9788416636488,DBZ Último combate,"7,07",0,"10,5",,Libros de cómics,MANGA,4,PLANETA
9788467963045,Death Note Black 1,"12,75",0,"18,95",,Libros de cómics,MANGA,4,ASTURLIBROS
9788467912104,Death Note Black 2,"12,75",1,"18,95",,Libros de cómics,MANGA,4,ASTURLIBROS
9788467963052,Death Note Black 3,"12,75",0,"18,95",,Libros de cómics,MANGA,4,ASTURLIBROS
9788467968958,Death Note Black 4,"12,75",1,"18,95",,Libros de cómics,MANGA,4,ASTURLIBROS
9788467963069,Death Note Black 5,"11,84",0,"18,95",,Libros de cómics,MANGA,4,ASTURLIBROS
9788467968965,Death Note Black 6,"12,75",0,"18,95",,Libros de cómics,MANGA,4,ASTURLIBROS
9788467936384,Death Note INT,"33,62",1,"49,95",,Libros de cómics,MANGA,4,ASTURLIBROS
9788468477022,Detective Conan 4,"9,39",1,"13,95",,Libros de cómics,MANGA,4,PLANETA
9788411402330,Detective Conan 44,"9,39",1,"13,95",,Libros de cómics,MANGA,4,PLANETA
9788411402347,Detective Conan 45,"9,39",1,"13,95",,Libros de cómics,MANGA,4,PLANETA
9788411611688,Detective Conan 46,"9,39",1,"13,95",,Libros de cómics,MANGA,4,PLANETA
9788411612678,Detective Conan 47,"9,39",1,"13,95",,Libros de cómics,MANGA,4,PLANETA
9788411616980,Detective Conan 48,"9,39",1,"13,95",,Libros de cómics,MANGA,4,PLANETA
9791387885021,Diarios de la Boticaria 1,"6,7",2,"9,95",,Libros de cómics,MANGA,4,AZETA
9791387885137,Diarios de la Boticaria 10,"6,7",1,"9,95",,Libros de cómics,MANGA,4,AZETA
9791387885175,Diarios de la Boticaria 11,"6,7",1,"9,95",,Libros de cómics,MANGA,4,AZETA
9791387885267,Diarios de la Boticaria 12,"6,7",0,"9,95",,Libros de cómics,MANGA,4,AZETA
9791387885038,Diarios de la Boticaria 2,"6,7",1,"9,95",,Libros de cómics,MANGA,4,AZETA
9791387885045,Diarios de la Boticaria 3,"6,7",1,"9,95",,Libros de cómics,MANGA,4,AZETA
9791387885052,Diarios de la Boticaria 4,"6,7",1,"9,95",,Libros de cómics,MANGA,4,AZETA
9791387885069,Diarios de la Boticaria 5,"6,7",0,"9,95",,Libros de cómics,MANGA,4,AZETA
9791387885076,Diarios de la Boticaria 6,"6,7",1,"9,95",,Libros de cómics,MANGA,4,AZETA
9791387885083,Diarios de la Boticaria 7,"6,7",0,"9,95",,Libros de cómics,MANGA,4,AZETA
9791387885090,Diarios de la Boticaria 8,"6,7",0,"9,95",,Libros de cómics,MANGA,4,AZETA
9791387885106,Diarios de la Boticaria 9,"6,7",1,"9,95",,Libros de cómics,MANGA,4,AZETA
9791388055539,Dig It 1,"6,39",1,"9,5",,Libros de cómics,MANGA,4,AZETA
9788467967272,Digimon V Tamer 1,"6,73",1,10,,Libros de cómics,MANGA,4,ASTURLIBROS
9788467967289,Digimon V Tamer 2,"6,73",1,10,,Libros de cómics,MANGA,4,ASTURLIBROS
9788467967296,Digimon V Tamer 3,"6,73",1,10,,Libros de cómics,MANGA,4,ASTURLIBROS
9788467982053,Digimon V Tamer 4,"6,73",1,10,,Libros de cómics,MANGA,4,ASTURLIBROS
9788412930610,Distant Sky 1,"13,43",1,"19,95",,Libros de cómics,MANGA,4,AZETA
9788412930665,Distant Sky 3,"13,13",1,"19,95",,Libros de cómics,MANGA,4,AZETA
9791399071313,Distant Sky 4,"13,43",1,"19,95",,Libros de cómics,MANGA,4,AZETA
9791399163001,Distant Sky 5,"13,43",1,"19,95",,Libros de cómics,MANGA,4,AZETA
9788418309557,Doncella Nieve Brisa Primaveral,"10,77",1,16,,Libros de cómics,MANGA,4,UDL
9788411618212,Doraemon 3en1 1,"10,35",1,"17,95",,Libros de cómics,MANGA,4,PLANETA
9788411618984,Doraemon 3en1 2,"10,35",2,"17,95",,Libros de cómics,MANGA,4,PLANETA
9791387779771,Doraemon 3en1 3,"10,35",2,"17,95",,Libros de cómics,MANGA,4,PLANETA
9791387781897,Doraemon 3en1 4,"10,35",1,"17,95",,Libros de cómics,MANGA,4,PLANETA
9788411618229,Doraemon 3en1 1 CAT,"10,35",1,"17,95",,Libros de cómics,MANGA,4,PLANETA
9788411618991,Doraemon 3en1 2 CAT,"10,35",1,"17,95",,Libros de cómics,MANGA,4,PLANETA
9791387779795,Doraemon 3en1 3 CAT,"10,35",2,"17,95",,Libros de cómics,MANGA,4,PLANETA
9791387918101,Doraemon 3en1 4 CAT,"10,35",2,"17,95",,Libros de cómics,MANGA,4,PLANETA
9791387780968,Doraemon Aventura Antartida,"7,07",1,"10,5",,Libros de cómics,MANGA,4,PLANETA
9788411617345,Doraemon Héroes Espacio,"7,07",1,"10,5",,Libros de cómics,MANGA,4,PLANETA
9788491736707,Doraemon y el pequeño dinosaurio,"7,07",1,"10,5",,Libros de cómics,MANGA,4,PLANETA
9788491736721,Doraemon y los siete magos,"7,07",1,"10,5",,Libros de cómics,MANGA,4,PLANETA
9788491737827,Dr. Slump 1,"9,38",1,"13,95",,Libros de cómics,MANGA,4,PLANETA
9788491737919,Dr. Slump 10,"9,39",1,"13,95",,Libros de cómics,MANGA,4,PLANETA
9788491737926,Dr. Slump 11,"8,72",2,"13,95",,Libros de cómics,MANGA,4,PLANETA
9788491737933,Dr. Slump 12,"8,72",1,"13,95",,Libros de cómics,MANGA,4,PLANETA
9788491737940,Dr. Slump 13,"9,39",1,"13,95",,Libros de cómics,MANGA,4,PLANETA
9366491737957,Dr. Slump 14,"9,39",1,"13,95",,Libros de cómics,MANGA,4,PLANETA
9788491737964,Dr. Slump 15,"9,39",1,"13,95",,Libros de cómics,MANGA,4,PLANETA
9788491737834,Dr. Slump 2,"9,39",1,"13,95",,Libros de cómics,MANGA,4,PLANETA
9788491737841,Dr. Slump 3,"8,72",1,"13,95",,Libros de cómics,MANGA,4,PLANETA
9788491737858,Dr. Slump 4,"9,39",1,"13,95",,Libros de cómics,MANGA,4,PLANETA
9788491737865,Dr. Slump 5,"9,39",1,"13,95",,Libros de cómics,MANGA,4,PLANETA
9788491737872,Dr. Slump 6,"9,39",1,"13,95",,Libros de cómics,MANGA,4,PLANETA
9788491737889,Dr. Slump 7,"9,39",1,"13,95",,Libros de cómics,MANGA,4,PLANETA
9788491737896,Dr. Slump 8,"8,72",1,"13,95",,Libros de cómics,MANGA,4,PLANETA
9788491737902,Dr. Slump 9,"9,39",1,"13,95",,Libros de cómics,MANGA,4,PLANETA
9788411123945,Dr. Slump CAT 1,"9,09",3,"13,5",,Libros de cómics,MANGA,4,PLANETA
9788411124034,Dr. Slump CAT 10,"9,09",1,"13,5",,Libros de cómics,MANGA,4,PLANETA
9788411124041,Dr. Slump CAT 11,"9,09",1,"13,5",,Libros de cómics,MANGA,4,PLANETA
9788411124058,Dr. Slump CAT 12,"8,72",1,"13,5",,Libros de cómics,MANGA,4,PLANETA
9788411124065,Dr. Slump CAT 13,"8,72",1,"13,5",,Libros de cómics,MANGA,4,PLANETA
9788411124072,Dr. Slump CAT 14,"8,72",1,"13,5",,Libros de cómics,MANGA,4,PLANETA
9788411124218,Dr. Slump CAT 15,"9,09",1,"13,5",,Libros de cómics,MANGA,4,PLANETA
9788411123952,Dr. Slump CAT 2,"9,09",2,"13,5",,Libros de cómics,MANGA,4,PLANETA
9788411123969,Dr. Slump CAT 3,"9,09",1,"13,5",,Libros de cómics,MANGA,4,PLANETA
9788411123976,Dr. Slump CAT 4,"9,09",1,"13,5",,Libros de cómics,MANGA,4,PLANETA
9788411123983,Dr. Slump CAT 5,"9,09",1,"13,5",,Libros de cómics,MANGA,4,PLANETA
9788411123990,Dr. Slump CAT 6,"9,09",1,"13,5",,Libros de cómics,MANGA,4,PLANETA
9788411124003,Dr. Slump CAT 7,"9,09",1,"13,5",,Libros de cómics,MANGA,4,PLANETA
9788411124010,Dr. Slump CAT 8,"9,09",0,"13,5",,Libros de cómics,MANGA,4,PLANETA
9788411124027,Dr. Slump CAT 9,"9,09",3,"13,5",,Libros de cómics,MANGA,4,PLANETA
9788413418490,Dragon Ball ULT 1,"8,71",2,"12,95",,Libros de cómics,MANGA,4,PLANETA
9788413418582,Dragon Ball ULT 10,"8,04",1,"12,95",,Libros de cómics,MANGA,4,PLANETA
9788413418599,Dragon Ball ULT 11,"8,04",1,"12,95",,Libros de cómics,MANGA,4,PLANETA
9788413418605,Dragon Ball ULT 12,"8,04",1,"12,95",,Libros de cómics,MANGA,4,PLANETA
9788413418612,Dragon Ball ULT 13,"8,04",0,"12,95",,Libros de cómics,MANGA,4,PLANETA
9788413418629,Dragon Ball ULT 14,"8,04",0,"12,95",,Libros de cómics,MANGA,4,PLANETA
9788413418636,Dragon Ball ULT 15,"8,04",1,"12,95",,Libros de cómics,MANGA,4,PLANETA
9788413418643,Dragon Ball ULT 16,"8,04",0,"12,95",,Libros de cómics,MANGA,4,PLANETA
9788413418650,Dragon Ball ULT 17,"8,04",0,"12,95",,Libros de cómics,MANGA,4,PLANETA
9788413418667,Dragon Ball ULT 18,"8,04",0,"12,95",,Libros de cómics,MANGA,4,PLANETA
9788413418674,Dragon Ball ULT 19,"8,04",0,"12,95",,Libros de cómics,MANGA,4,PLANETA
9788413418506,Dragon Ball ULT 2,"8,71",2,"12,95",,Libros de cómics,MANGA,4,PLANETA
9788413418681,Dragon Ball ULT 20,"8,04",1,"12,95",,Libros de cómics,MANGA,4,PLANETA
9788413418698,Dragon Ball ULT 21,"8,04",0,"12,95",,Libros de cómics,MANGA,4,PLANETA
9788413418704,Dragon Ball ULT 22,"8,04",1,"12,95",,Libros de cómics,MANGA,4,PLANETA
9788413418711,Dragon Ball ULT 23,"8,04",0,"12,95",,Libros de cómics,MANGA,4,PLANETA
9788413418728,Dragon Ball ULT 24,"8,04",1,"12,95",,Libros de cómics,MANGA,4,PLANETA
9788413418735,Dragon Ball ULT 25,"8,04",1,"12,95",,Libros de cómics,MANGA,4,PLANETA
9788411123181,Dragon Ball ULT 26,"8,04",0,"12,95",,Libros de cómics,MANGA,4,PLANETA
9788468470603,Dragon Ball ULT 27,"8,04",1,"12,95",,Libros de cómics,MANGA,4,PLANETA
9788413418766,Dragon Ball ULT 28,"8,04",0,"12,95",,Libros de cómics,MANGA,4,PLANETA
9788413418773,Dragon Ball ULT 29,"8,04",1,"12,95",,Libros de cómics,MANGA,4,PLANETA
9788413418513,Dragon Ball ULT 3,"8,71",2,"12,95",,Libros de cómics,MANGA,4,PLANETA
9788413418780,Dragon Ball ULT 30,"8,04",0,"12,95",,Libros de cómics,MANGA,4,PLANETA
9788413418797,Dragon Ball ULT 31,"8,04",0,"12,95",,Libros de cómics,MANGA,4,PLANETA
9788413418803,Dragon Ball ULT 32,"8,72",1,"12,95",,Libros de cómics,MANGA,4,PLANETA
9788413418810,Dragon Ball ULT 33,"8,04",1,"12,95",,Libros de cómics,MANGA,4,PLANETA
9788413418827,Dragon Ball ULT 34,"8,72",1,"12,95",,Libros de cómics,MANGA,4,PLANETA
9788413418520,Dragon Ball ULT 4,"8,04",3,"12,95",,Libros de cómics,MANGA,4,PLANETA
9788413418537,Dragon Ball ULT 5,"8,72",1,"12,95",,Libros de cómics,MANGA,4,PLANETA
9788413418544,Dragon Ball ULT 6,"8,72",1,"12,95",,Libros de cómics,MANGA,4,PLANETA
9788413418551,Dragon Ball ULT 7,"8,72",1,"12,95",,Libros de cómics,MANGA,4,PLANETA
9788413418568,Dragon Ball ULT 8,"8,72",0,"12,95",,Libros de cómics,MANGA,4,PLANETA
9788413418575,Dragon Ball ULT 9,"8,72",1,"12,95",,Libros de cómics,MANGA,4,PLANETA
9788419914255,DRCL 1,"6,06",1,9,,Libros de cómics,MANGA,4,AZETA
9788419914644,DRCL 2,"6,06",1,9,,Libros de cómics,MANGA,4,AZETA
9788419914996,DRCL 3,"6,06",1,9,,Libros de cómics,MANGA,4,AZETA
9788410223653,DRCL 4,"6,06",1,9,,Libros de cómics,MANGA,4,AZETA
9791387831035,DRCL 5,"6,06",0,9,,Libros de cómics,MANGA,4,AZETA
9791387831851,DRCL 6,"6,06",0,9,,Libros de cómics,MANGA,4,AZETA
9791387831653,Drifting Dragons 19,"6,06",1,9,,Libros de cómics,MANGA,4,AZETA
9788419177636,Ebichu 1,"8,72",1,"12,95",,Libros de cómics,MANGA,4,ASTURLIBROS
9788419177643,Ebichu 2,"8,72",1,"12,95",,Libros de cómics,MANGA,4,ASTURLIBROS
9788419177650,Ebichu 3,"8,72",1,"12,95",,Libros de cómics,MANGA,4,ASTURLIBROS
9788419177674,Ebichu 5,"8,72",1,"12,95",,Libros de cómics,MANGA,4,ASTURLIBROS
9788419177681,Ebichu 6,"8,72",1,"12,95",,Libros de cómics,MANGA,4,ASTURLIBROS
9788412513547,El lugar donde se encuentran los piratas,"5,38",1,8,,Libros de cómics,MANGA,4,AZETA
9788419409249,El viaje de Shuna,"16,79",1,"24,95",,Libros de cómics,MANGA,4,AZETA
9788419981172,El viaje de Shuna BOL,"10,27",1,"15,95",,Libros de cómics,MANGA,4,ASTURLIBROS
9791387506520,Enamoraos Falsos Ángeles 1,"5,72",1,"8,5",,Libros de cómics,MANGA,4,AZETA
9788467960563,Espíritus inframundo 1,"6,06",1,9,,Libros de cómics,MANGA,4,ASTURLIBROS
9788467960570,Espíritus inframundo 2,"6,06",1,9,,Libros de cómics,MANGA,4,ASTURLIBROS
9788467960587,Espíritus inframundo 3,"6,06",1,9,,Libros de cómics,MANGA,4,ASTURLIBROS
9788467965469,Espíritus inframundo 4,"6,06",1,9,,Libros de cómics,MANGA,4,ASTURLIBROS
9788467965476,Espíritus inframundo 5,"6,06",1,9,,Libros de cómics,MANGA,4,ASTURLIBROS
9788467970906,Espíritus inframundo 6,"6,06",1,9,,Libros de cómics,MANGA,4,ASTURLIBROS
9788467970913,Espíritus inframundo 6 ED,"10,77",1,16,,Libros de cómics,MANGA,4,ASTURLIBROS
9788467949322,Espíritus inframundo 7,"6,06",1,9,,Libros de cómics,MANGA,4,ASTURLIBROS
9788467949339,Espíritus inframundo 8,"6,06",1,9,,Libros de cómics,MANGA,4,ASTURLIBROS
9788467951851,Evangelion EC 1,"10,07",0,"14,95",,Libros de cómics,MANGA,4,ASTURLIBROS
9788467951868,Evangelion EC 2,"10,07",0,"14,95",,Libros de cómics,MANGA,4,ASTURLIBROS
9788467951875,Evangelion EC 3,"10,07",0,"14,95",,Libros de cómics,MANGA,4,ASTURLIBROS
9788467951882,Evangelion EC 4,"10,07",1,"14,95",,Libros de cómics,MANGA,4,ASTURLIBROS
9788467951899,Evangelion EC 5,"9,35",1,"14,95",,Libros de cómics,MANGA,4,ASTURLIBROS
9788467951905,Evangelion EC 6,"9,35",0,"14,95",,Libros de cómics,MANGA,4,ASTURLIBROS
9788467951912,Evangelion EC 7,"10,07",0,"14,95",,Libros de cómics,MANGA,4,ASTURLIBROS
9788418309823,Experimento Puede Un Accidente,"12,79",1,19,,Libros de cómics,MANGA,4,UDL
9791387831943,Extraño Primavera 6,"6,06",1,9,,Libros de cómics,MANGA,4,AZETA
9788467927696,Fire Force 1,"5,72",1,8,,Libros de cómics,MANGA,4,ASTURLIBROS
9788467935943,Fire Force 10,"5,38",1,8,,Libros de cómics,MANGA,4,ASTURLIBROS
9788467937251,Fire Force 14,"5,38",1,8,,Libros de cómics,MANGA,4,ASTURLIBROS
9788467943641,Fire Force 18,"6,06",1,9,,Libros de cómics,MANGA,4,ASTURLIBROS
9788467927702,Fire Force 2,"5,38",1,8,,Libros de cómics,MANGA,4,ASTURLIBROS
9788467949797,Fire Force 24,"6,06",1,9,,Libros de cómics,MANGA,4,ASTURLIBROS
9788467961348,Fire Force 28,"6,06",1,9,,Libros de cómics,MANGA,4,ASTURLIBROS
9788467961355,Fire Force 29,"6,06",1,9,,Libros de cómics,MANGA,4,ASTURLIBROS
9788467927719,Fire Force 3,"5,72",1,8,,Libros de cómics,MANGA,4,ASTURLIBROS
9788467971248,Fire Force 33,"6,06",1,9,,Libros de cómics,MANGA,4,ASTURLIBROS
9788467971255,Fire Force 34,"6,06",1,9,,Libros de cómics,MANGA,4,ASTURLIBROS
9788467932645,Fire Force 8,"5,38",1,8,,Libros de cómics,MANGA,4,ASTURLIBROS
9791387831714,Fool Night 9,"6,06",1,9,,Libros de cómics,MANGA,4,AZETA
9788467947397,Frieren 1,"6,05",1,9,,Libros de cómics,MANGA,4,ASTURLIBROS
9788467966541,Frieren 10,"6,05",0,9,,Libros de cómics,MANGA,4,ASTURLIBROS
9788467971309,Frieren 11,"6,05",0,9,,Libros de cómics,MANGA,4,ASTURLIBROS
9788467971316,Frieren 12,"6,06",1,9,,Libros de cómics,MANGA,4,ASTURLIBROS
9788467971330,Frieren 13,"6,06",1,9,,Libros de cómics,MANGA,4,ASTURLIBROS
9788467978117,Frieren 14,"6,06",1,9,,Libros de cómics,MANGA,4,ASTURLIBROS
9788467947403,Frieren 2,"6,05",0,9,,Libros de cómics,MANGA,4,ASTURLIBROS
9788467947410,Frieren 3,"6,05",1,9,,Libros de cómics,MANGA,4,ASTURLIBROS
9788467947427,Frieren 4,"6,05",0,9,,Libros de cómics,MANGA,4,ASTURLIBROS
9788467959611,Frieren 5,"6,05",1,9,,Libros de cómics,MANGA,4,ASTURLIBROS
9788467959628,Frieren 6,"6,06",1,9,,Libros de cómics,MANGA,4,ASTURLIBROS
9788467959635,Frieren 7,"6,06",1,9,,Libros de cómics,MANGA,4,ASTURLIBROS
9788467966527,Frieren 8,"6,06",1,9,,Libros de cómics,MANGA,4,ASTURLIBROS
9788467966534,Frieren 9,"6,05",1,9,,Libros de cómics,MANGA,4,ASTURLIBROS
9788467963137,Fullmetal Alchemist 1,"10,74",1,"15,95",,Libros de cómics,MANGA,4,ASTURLIBROS
9788467914917,Fullmetal Alchemist 10,"10,74",1,"15,95",,Libros de cómics,MANGA,4,ASTURLIBROS
9788467914924,Fullmetal Alchemist 11,"10,74",1,"15,95",,Libros de cómics,MANGA,4,ASTURLIBROS
9788467966954,Fullmetal Alchemist 12,"10,74",1,"15,95",,Libros de cómics,MANGA,4,ASTURLIBROS
9788467916478,Fullmetal Alchemist 14,"10,74",1,"15,95",,Libros de cómics,MANGA,4,ASTURLIBROS
9788467916485,Fullmetal Alchemist 15,"10,74",1,"15,95",,Libros de cómics,MANGA,4,ASTURLIBROS
9788467916508,Fullmetal Alchemist 17,"10,74",1,"15,95",,Libros de cómics,MANGA,4,ASTURLIBROS
9788467966961,Fullmetal Alchemist 18,"10,74",1,"15,95",,Libros de cómics,MANGA,4,ASTURLIBROS
9788467963144,Fullmetal Alchemist 2,"10,74",0,"15,95",,Libros de cómics,MANGA,4,ASTURLIBROS
9788467963151,Fullmetal Alchemist 3,"10,74",1,"15,95",,Libros de cómics,MANGA,4,ASTURLIBROS
9788467913163,Fullmetal Alchemist 4,"10,74",1,"15,95",,Libros de cómics,MANGA,4,ASTURLIBROS
9788467963168,Fullmetal Alchemist 5,"10,74",1,"15,95",,Libros de cómics,MANGA,4,ASTURLIBROS
9788467913187,Fullmetal Alchemist 6,"10,74",2,"15,95",,Libros de cómics,MANGA,4,ASTURLIBROS
9788467914887,Fullmetal Alchemist 7,"10,74",2,"15,95",,Libros de cómics,MANGA,4,ASTURLIBROS
9788467914894,Fullmetal Alchemist 8,"10,74",1,"15,95",,Libros de cómics,MANGA,4,ASTURLIBROS
9788467914900,Fullmetal Alchemist 9,"10,74",1,"15,95",,Libros de cómics,MANGA,4,ASTURLIBROS
9788467980035,Fullmetal Anniversary Book,"11,41",1,"16,95",,Libros de cómics,MANGA,4,ASTURLIBROS
9788467961515,Gachiakuta 1,"6,05",1,9,,Libros de cómics,MANGA,4,ASTURLIBROS
9788467974263,Gachiakuta 10,"6,06",1,9,,Libros de cómics,MANGA,4,ASTURLIBROS
9788467978803,Gachiakuta 11,"6,06",1,9,,Libros de cómics,MANGA,4,ASTURLIBROS
9788467979220,Gachiakuta 12,"6,06",0,9,,Libros de cómics,MANGA,4,ASTURLIBROS
9788467979237,Gachiakuta 13,"6,1",1,9,,Libros de cómics,MANGA,4,ASTURLIBROS
9788467982244,Gachiakuta 14,"6,06",1,9,,Libros de cómics,MANGA,4,ASTURLIBROS
9788467982251,Gachiakuta 15,"6,06",1,9,,Libros de cómics,MANGA,4,ASTURLIBROS
9788467961522,Gachiakuta 2,"6,06",1,9,,Libros de cómics,MANGA,4,ASTURLIBROS
9788467965506,Gachiakuta 3,"6,05",1,9,,Libros de cómics,MANGA,4,ASTURLIBROS
9788467965513,Gachiakuta 4,"6,05",1,9,,Libros de cómics,MANGA,4,ASTURLIBROS
9788467965520,Gachiakuta 5,"6,05",1,9,,Libros de cómics,MANGA,4,ASTURLIBROS
9788467972009,Gachiakuta 6,"6,05",1,9,,Libros de cómics,MANGA,4,ASTURLIBROS
9788467972016,Gachiakuta 7,"6,05",0,9,,Libros de cómics,MANGA,4,ASTURLIBROS
9788467972023,Gachiakuta 8,"6,7",1,9,,Libros de cómics,MANGA,4,ASTURLIBROS
9788467974256,Gachiakuta 9,"6,06",1,9,,Libros de cómics,MANGA,4,ASTURLIBROS
9788419296405,Gannibal 1,"6,7",1,"9,95",,Libros de cómics,MANGA,4,ASTURLIBROS
9788419610980,Gannibal 10,"6,7",1,"9,95",,Libros de cómics,MANGA,4,ASTURLIBROS
9788419986207,Gannibal 11,"7,18",0,"9,95",,Libros de cómics,MANGA,4,ASTURLIBROS
9788419986214,Gannibal 12,"6,7",1,"9,95",,Libros de cómics,MANGA,4,ASTURLIBROS
9788419986580,Gannibal 13,"6,7",1,"9,95",,Libros de cómics,MANGA,4,ASTURLIBROS
9788419296412,Gannibal 2,"6,7",1,"9,95",,Libros de cómics,MANGA,4,ASTURLIBROS
9788419296429,Gannibal 3,"6,05",1,"9,95",,Libros de cómics,MANGA,4,ASTURLIBROS
9788419296436,Gannibal 4,"6,7",1,"9,95",,Libros de cómics,MANGA,4,ASTURLIBROS
9788419296443,Gannibal 5,"6,7",1,"9,95",,Libros de cómics,MANGA,4,ASTURLIBROS
9788419296450,Gannibal 6,"6,7",0,"9,95",,Libros de cómics,MANGA,4,ASTURLIBROS
9788419610744,Gannibal 7,"6,7",0,"9,95",,Libros de cómics,MANGA,4,ASTURLIBROS
9788419610751,Gannibal 8,"6,7",0,"9,95",,Libros de cómics,MANGA,4,ASTURLIBROS
9788419610973,Gannibal 9,"6,7",1,"9,95",,Libros de cómics,MANGA,4,ASTURLIBROS
9788417820800,Given 4,"6,03",1,9,,Libros de cómics,MANGA,4,AZETA
9788467978186,Gon INT,"39,71",0,59,,Libros de cómics,MANGA,4,ASTURLIBROS
9788467960969,Guardianes de la noche 1,"6,06",1,9,,Libros de cómics,MANGA,4,ASTURLIBROS
9788467963762,Guardianes de la noche 10,"6,06",1,9,,Libros de cómics,MANGA,4,ASTURLIBROS
9788467963779,Guardianes de la noche 11,"5,62",0,9,,Libros de cómics,MANGA,4,ASTURLIBROS
9788467963786,Guardianes de la noche 12,"5,62",0,9,,Libros de cómics,MANGA,4,ASTURLIBROS
9788467963793,Guardianes de la noche 13,"6,06",1,9,,Libros de cómics,MANGA,4,ASTURLIBROS
9788467963809,Guardianes de la noche 14,"5,62",1,9,,Libros de cómics,MANGA,4,ASTURLIBROS
9788467963816,Guardianes de la noche 15,"6,05",1,9,,Libros de cómics,MANGA,4,ASTURLIBROS
9788467963823,Guardianes de la noche 16,"6,06",0,9,,Libros de cómics,MANGA,4,ASTURLIBROS
9788467963830,Guardianes de la noche 17,"5,62",1,9,,Libros de cómics,MANGA,4,ASTURLIBROS
9788467966855,Guardianes de la noche 18,"6,06",0,9,,Libros de cómics,MANGA,4,ASTURLIBROS
9788467966862,Guardianes de la noche 19,"5,62",0,9,,Libros de cómics,MANGA,4,ASTURLIBROS
9788467960976,Guardianes de la noche 2,"6,05",0,9,,Libros de cómics,MANGA,4,ASTURLIBROS
9788467966879,Guardianes de la noche 21,"6,06",1,9,,Libros de cómics,MANGA,4,ASTURLIBROS
9788467961034,Guardianes de la noche 22,"6,05",1,9,,Libros de cómics,MANGA,4,ASTURLIBROS
9788467961041,Guardianes de la noche 23,"6,05",2,9,,Libros de cómics,MANGA,4,ASTURLIBROS
9788467960983,Guardianes de la noche 3,"6,06",0,9,,Libros de cómics,MANGA,4,ASTURLIBROS
9788467963748,Guardianes de la noche 4,"6,06",1,9,,Libros de cómics,MANGA,4,ASTURLIBROS
9788467963755,Guardianes de la noche 5,"6,05",1,9,,Libros de cómics,MANGA,4,ASTURLIBROS
9788467960990,Guardianes de la noche 6,"6,06",1,9,,Libros de cómics,MANGA,4,ASTURLIBROS
9788467961003,Guardianes de la noche 7,"6,06",1,9,,Libros de cómics,MANGA,4,ASTURLIBROS
9788467961010,Guardianes de la noche 8,"6,06",0,9,,Libros de cómics,MANGA,4,ASTURLIBROS
9788467961027,Guardianes de la noche 9,"6,06",0,9,,Libros de cómics,MANGA,4,ASTURLIBROS
9788410519848,Guía Berserk,"10,6",0,"16,95",,Libros de cómics,MANGA,4,ASTURLIBROS
9788467976113,Guia Inside Ataque Titanes,"12,12",1,18,,Libros de cómics,MANGA,4,ASTURLIBROS
9791387779450,Gyo,"16,83",1,25,,Libros de cómics,MANGA,4,PLANETA
9788418309717,Hacia el ocaso,"16,16",1,24,,Libros de cómics,MANGA,4,UDL
9788413426259,Haikyû! 1,"5,35",2,"8,5",,Libros de cómics,MANGA,4,PLANETA
9788411402415,Haikyû! 23,"4,9",1,"8,5",,Libros de cómics,MANGA,4,PLANETA
9788411402439,Haikyû! 25,"5,35",1,"8,5",,Libros de cómics,MANGA,4,PLANETA
9788419986047,Happyland,"10,74",1,"15,95",,Libros de cómics,MANGA,4,ASTURLIBROS
9788418309748,Her,"16,16",1,24,,Libros de cómics,MANGA,4,UDL
9788419177254,Hero Mask 1,"6,39",1,"9,5",,Libros de cómics,MANGA,4,ASTURLIBROS
9788419177261,Hero Mask 2,"6,39",1,"9,5",,Libros de cómics,MANGA,4,ASTURLIBROS
9788419177278,Hero Mask 3,"6,39",1,"9,5",,Libros de cómics,MANGA,4,ASTURLIBROS
9789929831377,Himenospia 1,"7,37",1,"10,95",,Libros de cómics,MANGA,4,ASTURLIBROS
9789929821576,Himenospia 2,"7,37",1,"10,95",,Libros de cómics,MANGA,4,ASTURLIBROS
9788419177582,Himenospia 3,"7,37",1,"10,95",,Libros de cómics,MANGA,4,ASTURLIBROS
9788419177599,Himenospia 4,"7,37",1,"10,95",,Libros de cómics,MANGA,4,ASTURLIBROS
9788419177919,Himenospia 6,"7,37",1,"10,95",,Libros de cómics,MANGA,4,ASTURLIBROS
9788419177926,Himenospia 7,"7,37",1,"10,95",,Libros de cómics,MANGA,4,ASTURLIBROS
9788419536594,Hirayasumi 1,"6,06",1,9,,Libros de cómics,MANGA,4,AZETA
9788419536877,Hirayasumi 2,"6,06",0,9,,Libros de cómics,MANGA,4,AZETA
9788419914163,Hirayasumi 3,"6,06",0,9,,Libros de cómics,MANGA,4,AZETA
9788419914439,Hirayasumi 4,"6,06",0,9,,Libros de cómics,MANGA,4,AZETA
9788419914651,Hirayasumi 5,"6,06",0,9,,Libros de cómics,MANGA,4,AZETA
9788410223202,Hirayasumi 6,"6,06",0,9,,Libros de cómics,MANGA,4,AZETA
9791387506223,Hirayasumi 7,"6,06",1,9,,Libros de cómics,MANGA,4,AZETA
9791387831158,Hirayasumi 8,"6,06",1,9,,Libros de cómics,MANGA,4,AZETA
9791387831936,Hirayasumi 9,"6,06",1,9,,Libros de cómics,MANGA,4,AZETA
9788467942644,Historias Cortas de Koyoharu Gotouge,"6,06",1,9,,Libros de cómics,MANGA,4,ASTURLIBROS
8424248921231,HunterxHunter Pack Esp 1 y 37,"12,04",1,"17,9",,Libros de cómics,MANGA,4,ASTURLIBROS
9788411615921,Inazuma Ares 1,"5,72",1,"8,5",,Libros de cómics,MANGA,4,PLANETA
9788410492301,Inazuma Ares 2,"5,72",1,"8,5",,Libros de cómics,MANGA,4,PLANETA
9791387780128,Inazuma Ares 3,"5,72",1,"8,5",,Libros de cómics,MANGA,4,PLANETA
9788415480389,Inazuma GO 1,"5,72",1,"8,5",,Libros de cómics,MANGA,4,PLANETA
9788415480662,Inazuma GO 2,"5,72",1,"8,5",,Libros de cómics,MANGA,4,PLANETA
9788413425962,Insect cage 4,"5,35",1,"8,5",,Libros de cómics,MANGA,4,PLANETA
9788411402866,Inuyasha 7,"9,78",1,"16,95",,Libros de cómics,MANGA,4,PLANETA
9788411402873,Inuyasha 8,"9,78",3,"16,95",,Libros de cómics,MANGA,4,PLANETA
9788419177179,Inventos Peace 1,"20,16",0,"25,95",,Libros de cómics,MANGA,4,ASTURLIBROS
9788419177186,Inventos Peace 2,"20,16",1,"29,95",,Libros de cómics,MANGA,4,ASTURLIBROS
9788419177193,Inventos Peace 3,"20,16",1,"29,95",,Libros de cómics,MANGA,4,ASTURLIBROS
9791388055324,Jiya Blood Garden 1,"6,39",1,"9,5",,Libros de cómics,MANGA,4,AZETA
9788467979756,Juego muerte 1,"11,41",1,"16,95",,Libros de cómics,MANGA,4,ASTURLIBROS
9788467961119,Jujutsu Kaisen 1,"6,06",1,9,,Libros de cómics,MANGA,4,ASTURLIBROS
9788467945911,Jujutsu Kaisen 10,"6,06",1,9,,Libros de cómics,MANGA,4,ASTURLIBROS
9788467946536,Jujutsu Kaisen 11,"5,38",0,9,,Libros de cómics,MANGA,4,ASTURLIBROS
9788467947694,Jujutsu Kaisen 12,"6,05",1,9,,Libros de cómics,MANGA,4,ASTURLIBROS
9788467947700,Jujutsu Kaisen 13,"6,06",1,9,,Libros de cómics,MANGA,4,ASTURLIBROS
9788467966909,Jujutsu Kaisen 14,"6,05",0,9,,Libros de cómics,MANGA,4,ASTURLIBROS
9788467949889,Jujutsu Kaisen 16,"6,06",1,9,,Libros de cómics,MANGA,4,ASTURLIBROS
9788467949896,Jujutsu Kaisen 17,"6,06",1,9,,Libros de cómics,MANGA,4,ASTURLIBROS
9788467949902,Jujutsu Kaisen 18,"6,06",0,9,,Libros de cómics,MANGA,4,ASTURLIBROS
9788467959437,Jujutsu Kaisen 19,"6,06",0,9,,Libros de cómics,MANGA,4,ASTURLIBROS
9788467961126,Jujutsu Kaisen 2,"6,05",0,9,,Libros de cómics,MANGA,4,ASTURLIBROS
9788467961713,Jujutsu Kaisen 20,"6,06",0,9,,Libros de cómics,MANGA,4,ASTURLIBROS
9788467961720,Jujutsu Kaisen 21,"6,06",0,9,,Libros de cómics,MANGA,4,ASTURLIBROS
9788467962000,Jujutsu Kaisen 22,"6,05",2,9,,Libros de cómics,MANGA,4,ASTURLIBROS
9788467967302,Jujutsu Kaisen 23,"6,05",2,9,,Libros de cómics,MANGA,4,ASTURLIBROS
9788467967319,Jujutsu Kaisen 24,"6,06",0,9,,Libros de cómics,MANGA,4,ASTURLIBROS
9788467971743,Jujutsu Kaisen 25,"6,05",1,9,,Libros de cómics,MANGA,4,ASTURLIBROS
9788467971750,Jujutsu Kaisen 26,"6,06",0,9,,Libros de cómics,MANGA,4,ASTURLIBROS
9788467973709,Jujutsu Kaisen 27,"6,06",0,9,,Libros de cómics,MANGA,4,ASTURLIBROS
9788467975819,Jujutsu Kaisen 28,"6,06",1,9,,Libros de cómics,MANGA,4,ASTURLIBROS
9788467975826,Jujutsu Kaisen 29,"6,06",0,9,,Libros de cómics,MANGA,4,ASTURLIBROS
9788467961133,Jujutsu Kaisen 3,"6,05",0,9,,Libros de cómics,MANGA,4,ASTURLIBROS
9788467975833,Jujutsu Kaisen 30,"6,06",0,9,,Libros de cómics,MANGA,4,ASTURLIBROS
9788467961140,Jujutsu Kaisen 4,"6,06",1,9,,Libros de cómics,MANGA,4,ASTURLIBROS
9788467961157,Jujutsu Kaisen 5 ,"5,62",2,9,,Libros de cómics,MANGA,4,ASTURLIBROS
9788467961164,Jujutsu Kaisen 6,"6,06",1,9,,Libros de cómics,MANGA,4,ASTURLIBROS
9788467961171,Jujutsu Kaisen 7,"6,05",1,9,,Libros de cómics,MANGA,4,ASTURLIBROS
9788467961188,Jujutsu Kaisen 8,"6,06",1,9,,Libros de cómics,MANGA,4,ASTURLIBROS
9788467966893,Jujutsu Kaisen 9 ,"6,06",0,9,,Libros de cómics,MANGA,4,ASTURLIBROS
9788467947298,Jujutsu Kaisen Fanbook,"8,09",0,"12,95",,Libros de cómics,MANGA,4,ASTURLIBROS
9791387779290,Kagurabachi 1,"6,03",1,"8,95",,Libros de cómics,MANGA,4,AZETA
9788491748373,Kaiju nº8 1,"5,72",4,"8,5",,Libros de cómics,MANGA,4,PLANETA
9788411128544,Kaiju nº8 2,"5,35",1,"8,5",,Libros de cómics,MANGA,4,PLANETA
9788419914057,Killing Stalk 3 6,"7,41",1,11,,Libros de cómics,MANGA,4,AZETA
9788467973655,Kimetsu Fanbook 2,"6,7",1,"12,95",,Libros de cómics,MANGA,4,ASTURLIBROS
9788419096098,Kingdom 1,"5,72",1,"8,5",,Libros de cómics,MANGA,4,ASTURLIBROS
9788419730565,Kingdom 15,"5,72",1,"8,5",,Libros de cómics,MANGA,4,ASTURLIBROS
9788410007543,Kingdom 16,"5,72",1,"8,5",,Libros de cómics,MANGA,4,ASTURLIBROS
9788419096777,Kingdom 2,"5,72",1,"8,5",,Libros de cómics,MANGA,4,ASTURLIBROS
9788410153158,Kingdom 20,"6,06",1,9,,Libros de cómics,MANGA,4,ASTURLIBROS
9788410258891,Kingdom 23,"6,06",1,9,,Libros de cómics,MANGA,4,ASTURLIBROS
9791387500320,Kingdom 27,"6,06",1,9,,Libros de cómics,MANGA,4,ASTURLIBROS
9791387619060,Kingdom 29,"6,06",1,9,,Libros de cómics,MANGA,4,ASTURLIBROS
9788419185617,Kingdom 3,"5,72",1,"8,5",,Libros de cómics,MANGA,4,ASTURLIBROS
9791387836153,Kingdom 32,"6,06",1,9,,Libros de cómics,MANGA,4,ASTURLIBROS
9791387981679,Kingdom 35,"6,06",1,9,,Libros de cómics,MANGA,4,ASTURLIBROS
9791388104428,Kingdom 36,"6,06",1,9,,Libros de cómics,MANGA,4,ASTURLIBROS
9791388178726,Kingdom 37,"6,06",1,9,,Libros de cómics,MANGA,4,ASTURLIBROS
9788419306210,Kingdom 4,"5,72",1,"8,5",,Libros de cómics,MANGA,4,ASTURLIBROS
9788419306753,Kingdom 5,"5,72",1,"8,5",,Libros de cómics,MANGA,4,ASTURLIBROS
9788419383907,Kingdom 6,"5,72",1,"8,5",,Libros de cómics,MANGA,4,ASTURLIBROS
9788419451668,Kingdom 7,"5,72",1,"8,5",,Libros de cómics,MANGA,4,ASTURLIBROS
9788410463806,Kiokuya,"10,03",1,"14,9",,Libros de cómics,MANGA,4,AZETA
9788419195166,Kitchen Witch Hat 3,"6,06",1,9,,Libros de cómics,MANGA,4,AZETA
9791387691929,Konosuba! 10,"10,06",1,15,,Libros de cómics,MANGA,4,ASTURLIBROS
9788491469971,La princesa Caballero,"18,84",1,28,,Libros de cómics,MANGA,4,PLANETA
9788419195098,Los artistas no pisan las flores,"6,06",1,9,,Libros de cómics,MANGA,4,AZETA
9788417356736,Made in Abyss 1,"6,66",2,"9,9",,Libros de cómics,MANGA,4,ASTURLIBROS
9788419010216,Made in Abyss 10,"6,66",1,"9,9",,Libros de cómics,MANGA,4,ASTURLIBROS
9788419730039,Made in Abyss 11,"6,66",1,"9,9",,Libros de cómics,MANGA,4,ASTURLIBROS
9788410153042,Made in Abyss 12,"6,66",1,"9,9",,Libros de cómics,MANGA,4,ASTURLIBROS
9791387619039,Made in Abyss 13,"6,7",1,"9,9",,Libros de cómics,MANGA,4,ASTURLIBROS
9791388178740,Made in Abyss 14,"6,66",1,"9,9",,Libros de cómics,MANGA,4,ASTURLIBROS
9788417490478,Made in Abyss 2,"6,7",1,"9,9",,Libros de cómics,MANGA,4,ASTURLIBROS
9788417537944,Made in Abyss 4,"6,66",1,"9,9",,Libros de cómics,MANGA,4,ASTURLIBROS
9788417699703,Made in Abyss 5,"6,66",1,"9,9",,Libros de cómics,MANGA,4,ASTURLIBROS
9788417777128,Made in Abyss 6,"6,66",1,"9,9",,Libros de cómics,MANGA,4,ASTURLIBROS
9788417920319,Made in Abyss 7,"6,68",1,"9,9",,Libros de cómics,MANGA,4,ASTURLIBROS
9788418061431,Made in Abyss 8,"6,68",1,"9,9",,Libros de cómics,MANGA,4,ASTURLIBROS
9791387691837,Maldiciones Imborrables,"12,12",1,18,,Libros de cómics,MANGA,4,ASTURLIBROS
9788411613125,Mandalorian 1,"6,7",1,"9,95",,Libros de cómics,MANGA,4,PLANETA
9788411618762,Mandalorian 2,"6,7",1,"9,95",,Libros de cómics,MANGA,4,PLANETA
9788419177728,Martian Succeso Nadesico,"23,56",1,35,,Libros de cómics,MANGA,4,ASTURLIBROS
9791388055287,Más Allá Palabras 2,"6,39",1,"9,5",,Libros de cómics,MANGA,4,AZETA
9791388055508,Más Allá Palabras 3,"6,39",1,"9,5",,Libros de cómics,MANGA,4,AZETA
9788418309816,Mascotas,"12,79",1,19,,Libros de cómics,MANGA,4,UDL
9788467944921,Mashle 1,"6,06",0,9,,Libros de cómics,MANGA,4,ASTURLIBROS
9788467955248,Mashle 10,"5,38",1,8,,Libros de cómics,MANGA,4,ASTURLIBROS
9788467961287,Mashle 11,"6,05",0,9,,Libros de cómics,MANGA,4,ASTURLIBROS
9788467961294,Mashle 12,"6,05",1,9,,Libros de cómics,MANGA,4,ASTURLIBROS
9788467964080,Mashle 13,"6,05",1,9,,Libros de cómics,MANGA,4,ASTURLIBROS
9788467964097,Mashle 14,"6,05",1,9,,Libros de cómics,MANGA,4,ASTURLIBROS
9788467964103,Mashle 15,"6,05",1,9,,Libros de cómics,MANGA,4,ASTURLIBROS
9788467970036,Mashle 16,"6,05",1,9,,Libros de cómics,MANGA,4,ASTURLIBROS
9788467970043,Mashle 17,"6,05",1,9,,Libros de cómics,MANGA,4,ASTURLIBROS
9788467970050,Mashle 18,"6,06",1,9,,Libros de cómics,MANGA,4,ASTURLIBROS
9788467945935,Mashle 2,"5,38",1,8,,Libros de cómics,MANGA,4,ASTURLIBROS
9788467945942,Mashle 3,"5,38",1,8,,Libros de cómics,MANGA,4,ASTURLIBROS
9788467948202,Mashle 4,"5,38",1,8,,Libros de cómics,MANGA,4,ASTURLIBROS
9788467949360,Mashle 5,"5,38",1,8,,Libros de cómics,MANGA,4,ASTURLIBROS
9788467949377,Mashle 6,"5,38",1,8,,Libros de cómics,MANGA,4,ASTURLIBROS
9788467955217,Mashle 7,"5,38",1,8,,Libros de cómics,MANGA,4,ASTURLIBROS
9788467955224,Mashle 8,"5,38",1,8,,Libros de cómics,MANGA,4,ASTURLIBROS
9788467955231,Mashle 9,"5,38",1,8,,Libros de cómics,MANGA,4,ASTURLIBROS
9788467970982,Minecraft 1,"6,06",0,9,,Libros de cómics,MANGA,4,ASTURLIBROS
9788467970999,Minecraft 2,"6,06",1,9,,Libros de cómics,MANGA,4,ASTURLIBROS
9788467971002,Minecraft 3,"5,62",1,9,,Libros de cómics,MANGA,4,ASTURLIBROS
9788467971019,Minecraft 4,"6,06",1,9,,Libros de cómics,MANGA,4,ASTURLIBROS
9788467971026,Minecraft 5,"6,06",1,9,,Libros de cómics,MANGA,4,ASTURLIBROS
9788467971033,Minecraft 6,"6,06",1,9,,Libros de cómics,MANGA,4,ASTURLIBROS
9788467971040,Minecraft 7,"6,06",1,9,,Libros de cómics,MANGA,4,ASTURLIBROS
9788467971057,Minecraft CAT 1,"6,06",1,9,,Libros de cómics,MANGA,4,ASTURLIBROS
9788467971064,Minecraft CAT 2,"6,06",1,9,,Libros de cómics,MANGA,4,ASTURLIBROS
9788467971071,Minecraft CAT 3,"6,06",1,9,,Libros de cómics,MANGA,4,ASTURLIBROS
9788467971088,Minecraft CAT 4,"6,06",1,9,,Libros de cómics,MANGA,4,ASTURLIBROS
9788467971095,Minecraft CAT 5,"6,06",1,9,,Libros de cómics,MANGA,4,ASTURLIBROS
9788467971101,Minecraft CAT 6,"6,06",1,9,,Libros de cómics,MANGA,4,ASTURLIBROS
9788467971118,Minecraft CAT 7,"6,06",1,9,,Libros de cómics,MANGA,4,ASTURLIBROS
9791388055232,Misterios Residencia Kaika 1,"6,73",1,10,,Libros de cómics,MANGA,4,AZETA
9791388055386,Misterios Residencia Kaika 2,"6,06",1,10,,Libros de cómics,MANGA,4,AZETA
9791387822217,Moguland 1,"6,7",1,"9,95",,Libros de cómics,MANGA,4,ASTURLIBROS
9788467972863,Mujina Into Deep 1,"6,7",1,"9,95",,Libros de cómics,MANGA,4,ASTURLIBROS
9788467974454,Mujina Into Deep 2,"6,7",1,"9,95",,Libros de cómics,MANGA,4,ASTURLIBROS
9788467974478,Mujina Into Deep 3,"6,7",1,"9,95",,Libros de cómics,MANGA,4,ASTURLIBROS
9788467979664,Mujina Into Deep 4,"6,7",1,"9,95",,Libros de cómics,MANGA,4,ASTURLIBROS
9788467968231,Museum Pack Integral,"20,16",1,"29,95",,Libros de cómics,MANGA,4,ASTURLIBROS
9788491735328,My Hero Academia 17,"5,35",1,"8,5",,Libros de cómics,MANGA,4,PLANETA
9788491735335,My Hero Academia 18,"5,35",1,"8,5",,Libros de cómics,MANGA,4,PLANETA
9788491735342,My Hero Academia 19,"5,35",1,"8,5",,Libros de cómics,MANGA,4,PLANETA
9788416693511,My Hero Academia 2,"5,72",2,"8,5",,Libros de cómics,MANGA,4,PLANETA
9788491743545,My Hero Academia 20,"5,35",2,"8,5",,Libros de cómics,MANGA,4,PLANETA
9788413415840,My Hero Academia 26,"5,35",1,"8,5",,Libros de cómics,MANGA,4,PLANETA
9788413416205,My Hero Academia 27,"5,35",1,"8,5",,Libros de cómics,MANGA,4,PLANETA
9788413416755,My Hero Academia 28,"5,35",1,"8,5",,Libros de cómics,MANGA,4,PLANETA
9788491747208,My Hero Academia 29,"5,35",1,"8,5",,Libros de cómics,MANGA,4,PLANETA
9788491747215,My Hero Academia 30,"5,35",1,"8,5",,Libros de cómics,MANGA,4,PLANETA
9788491747222,My Hero Academia 31,"5,35",1,"8,5",,Libros de cómics,MANGA,4,PLANETA
9788411401845,My Hero Academia 34,"5,72",2,"8,5",,Libros de cómics,MANGA,4,PLANETA
9788411401852,My Hero Academia 35,"5,72",3,"8,5",,Libros de cómics,MANGA,4,PLANETA
9788491461425,My Hero Academia 7,"5,35",1,"8,5",,Libros de cómics,MANGA,4,PLANETA
9791388055270,Nagahama 2,"6,06",1,9,,Libros de cómics,MANGA,4,AZETA
9788410492592,Nana 3en1 3 CAT,"13,43",1,20,,Libros de cómics,MANGA,4,PLANETA
9791387780388,Nana 3en1 4 CAT,"13,43",1,20,,Libros de cómics,MANGA,4,PLANETA
9791387781576,Nana 3en1 5 CAT,"13,43",1,20,,Libros de cómics,MANGA,4,PLANETA
9791387918620,Nana 3en1 6 CAT,"13,43",1,20,,Libros de cómics,MANGA,4,PLANETA
9788415866152,Naruto 15,"5,35",1,"8,5",,Libros de cómics,MANGA,4,PLANETA
9788415866169,Naruto 16,"5,35",1,"8,5",,Libros de cómics,MANGA,4,PLANETA
9788415866176,Naruto 17,"5,35",1,"8,5",,Libros de cómics,MANGA,4,PLANETA
9788415866183,Naruto 18,"5,35",1,"8,5",,Libros de cómics,MANGA,4,PLANETA
9788415866268,Naruto 26,"5,35",1,"8,5",,Libros de cómics,MANGA,4,PLANETA
9788415866305,Naruto 30,"5,35",1,"8,5",,Libros de cómics,MANGA,4,PLANETA
9788415866336,Naruto 33,"5,35",1,"8,5",,Libros de cómics,MANGA,4,PLANETA
9788415866343,Naruto 34,"5,35",1,"8,5",,Libros de cómics,MANGA,4,PLANETA
9788415866350,Naruto 35,"5,35",2,"8,5",,Libros de cómics,MANGA,4,PLANETA
9788415866367,Naruto 36,"5,35",1,"8,5",,Libros de cómics,MANGA,4,PLANETA
9788415866374,Naruto 37,"5,35",1,"8,5",,Libros de cómics,MANGA,4,PLANETA
9788416476657,Naruto 71,"5,35",1,"8,5",,Libros de cómics,MANGA,4,PLANETA
9788411611442,Naruto Jump 1,"10,35",0,"17,95",,Libros de cómics,MANGA,4,PLANETA
9788411614528,Naruto Jump 10,"12,08",0,"17,95",,Libros de cómics,MANGA,4,PLANETA
9788411614535,Naruto Jump 11,"10,35",0,"17,95",,Libros de cómics,MANGA,4,PLANETA
9788411614542,Naruto Jump 12,"10,35",0,"17,95",,Libros de cómics,MANGA,4,PLANETA
9788411614559,Naruto Jump 13,"10,53",2,"17,95",,Libros de cómics,MANGA,4,PLANETA
9788411612098,Naruto Jump 2,"12,08",1,"17,95",,Libros de cómics,MANGA,4,PLANETA
9788411613088,Naruto Jump 3,"10,35",0,"17,95",,Libros de cómics,MANGA,4,PLANETA
9788410471030,Naruto Jump 4,"10,35",0,"17,95",,Libros de cómics,MANGA,4,PLANETA
9788411614283,Naruto Jump 5,"10,35",0,"17,95",,Libros de cómics,MANGA,4,PLANETA
9788411614320,Naruto Jump 6,"10,35",0,"17,95",,Libros de cómics,MANGA,4,PLANETA
9788411614351,Naruto Jump 7,"10,35",0,"17,95",,Libros de cómics,MANGA,4,PLANETA
9788411614504,Naruto Jump 8,"10,35",0,"17,95",,Libros de cómics,MANGA,4,PLANETA
9788411614511,Naruto Jump 9,"10,35",1,"17,95",,Libros de cómics,MANGA,4,PLANETA
9788411611459,Naruto Jump CAT 1,"10,35",2,"17,95",,Libros de cómics,MANGA,4,PLANETA
9788411614757,Naruto Jump CAT 10,"12,08",2,"17,95",,Libros de cómics,MANGA,4,PLANETA
9788411614764,Naruto Jump CAT 11,"10,35",1,"17,95",,Libros de cómics,MANGA,4,PLANETA
9788411614771,Naruto Jump CAT 12,"10,35",1,"17,95",,Libros de cómics,MANGA,4,PLANETA
9788411614788,Naruto Jump CAT 13,"10,53",1,"17,95",,Libros de cómics,MANGA,4,PLANETA
9788411612111,Naruto Jump CAT 2,"12,08",1,"17,95",,Libros de cómics,MANGA,4,PLANETA
9788411613149,Naruto Jump CAT 3,"10,35",0,"17,95",,Libros de cómics,MANGA,4,PLANETA
9788411613668,Naruto Jump CAT 4,"10,35",2,"17,95",,Libros de cómics,MANGA,4,PLANETA
9788411614702,Naruto Jump CAT 5,"10,35",0,"17,95",,Libros de cómics,MANGA,4,PLANETA
9788411614719,Naruto Jump CAT 6,"10,35",2,"17,95",,Libros de cómics,MANGA,4,PLANETA
9788411614726,Naruto Jump CAT 7,"10,35",2,"17,95",,Libros de cómics,MANGA,4,PLANETA
9788411614733,Naruto Jump CAT 8,"10,35",0,"17,95",,Libros de cómics,MANGA,4,PLANETA
9788411614740,Naruto Jump CAT 9,"10,35",1,"17,95",,Libros de cómics,MANGA,4,PLANETA
9788411618335,Nausicaä 1,"7,74",1,"12,95",,Libros de cómics,MANGA,4,PLANETA
9788411619547,Nausicaä 2,"8,9",1,"12,95",,Libros de cómics,MANGA,4,PLANETA
9791387780425,Nausicaä 3,"9,35",1,"12,95",,Libros de cómics,MANGA,4,PLANETA
9791387781880,Nausicaä 4,"8,72",1,"12,95",,Libros de cómics,MANGA,4,PLANETA
9791387919030,Nausicaä 5,"8,67",0,"12,95",,Libros de cómics,MANGA,4,PLANETA
9788419177346,Nigakute Amai 1,"12,75",1,"18,95",,Libros de cómics,MANGA,4,ASTURLIBROS
9791399119398,NL 3 Konosuba,"8,08",1,12,,Libros de cómics,MANGA,4,AZETA
9791399119381,NL Cudlestate 2,"8,08",1,12,,Libros de cómics,MANGA,4,AZETA
9788412904147,NL Ratón Biblio 1,"8,08",1,12,,Libros de cómics,MANGA,4,AZETA
9791387831486,No Name 1,"6,06",1,9,,Libros de cómics,MANGA,4,AZETA
9791387831707,No Name 2,"6,06",1,9,,Libros de cómics,MANGA,4,AZETA
9788410223271,Nobleza Flores 1,"5,72",0,"8,5",,Libros de cómics,MANGA,4,AZETA
9791388055317,Nobleza Flores 13,"5,72",0,"8,5",,Libros de cómics,MANGA,4,AZETA
9791388055393,Nobleza Flores 14,"5,72",0,"8,5",,Libros de cómics,MANGA,4,AZETA
9791388055492,Nobleza Flores 15,"5,72",0,"8,5",,Libros de cómics,MANGA,4,AZETA
9788410223554,Nobleza Flores 2,"5,72",0,"8,5",,Libros de cómics,MANGA,4,AZETA
9788410223769,Nobleza Flores 3,"5,72",0,"8,5",,Libros de cómics,MANGA,4,AZETA
9788410223974,Nobleza Flores 4,"5,72",0,"8,5",,Libros de cómics,MANGA,4,AZETA
9791387506391,Nobleza Flores 5,"5,72",0,"8,5",,Libros de cómics,MANGA,4,AZETA
9791387506872,Nobleza Flores 7,"5,72",0,"8,5",,Libros de cómics,MANGA,4,AZETA
9791387831530,Nobleza Flores 9,"5,72",0,"8,5",,Libros de cómics,MANGA,4,AZETA
9791388055577,Ocean endroll 7,"6,06",1,9,,Libros de cómics,MANGA,4,AZETA
9791399071344,Okashiratsuki 2,"9,76",1,"14,5",,Libros de cómics,MANGA,4,AZETA
9791387831844,Omori 1,"6,39",0,"9,5",,Libros de cómics,MANGA,4,AZETA
9791388055164,Omori 2,"6,39",1,"9,5",,Libros de cómics,MANGA,4,AZETA
9788411401777,One piece 106,"5,75",0,"8,5",,Libros de cómics,MANGA,4,PLANETA
9788411613156,One piece 107,"4,9",0,"8,5",,Libros de cómics,MANGA,4,PLANETA
9788411613163,One piece 108,"5,75",0,"8,5",,Libros de cómics,MANGA,4,PLANETA
9788411616928,One piece 109,"5,75",0,"8,5",,Libros de cómics,MANGA,4,PLANETA
9788411619356,One piece 110,"5,35",0,"8,5",,Libros de cómics,MANGA,4,PLANETA
9791387780234,One piece 111,"5,72",0,"8,5",,Libros de cómics,MANGA,4,PLANETA
9791387918996,One piece 112,"5,72",0,"8,5",,Libros de cómics,MANGA,4,PLANETA
9788411406710,One Piece 3en1 1,"11,4",4,"16,95",,Libros de cómics,MANGA,4,PLANETA
9788411406758,One Piece 3en1 1 CAT,"11,4",2,"16,95",,Libros de cómics,MANGA,4,PLANETA
9788411613460,One Piece 3en1 10,"11,41",2,"16,95",,Libros de cómics,MANGA,4,PLANETA
9788411613453,One Piece 3en1 10 CAT,"11,4",2,"16,95",,Libros de cómics,MANGA,4,PLANETA
9788411618892,One Piece 3en1 11,"11,41",2,"16,95",,Libros de cómics,MANGA,4,PLANETA
9788411619264,One Piece 3en1 11 CAT,"11,4",2,"16,95",,Libros de cómics,MANGA,4,PLANETA
9788410492653,One Piece 3en1 12,"11,41",2,"16,95",,Libros de cómics,MANGA,4,PLANETA
9788410492677,One Piece 3en1 12 CAT,"11,41",2,"16,95",,Libros de cómics,MANGA,4,PLANETA
9791387780258,One Piece 3en1 13,"11,4",0,"16,95",,Libros de cómics,MANGA,4,PLANETA
9791387780562,One Piece 3en1 13 CAT,"11,4",3,"16,95",,Libros de cómics,MANGA,4,PLANETA
9791387920098,One Piece 3en1 14,"11,41",3,"16,95",,Libros de cómics,MANGA,4,PLANETA
9791387920166,One Piece 3en1 14 CAT,"11,4",2,"16,95",,Libros de cómics,MANGA,4,PLANETA
9788411406727,One Piece 3en1 2,"11,4",2,"16,95",,Libros de cómics,MANGA,4,PLANETA
9788411406765,One Piece 3en1 2 CAT,"11,4",2,"16,95",,Libros de cómics,MANGA,4,PLANETA
9788411406734,One Piece 3en1 3,"11,4",2,"16,95",,Libros de cómics,MANGA,4,PLANETA
9788411406772,One Piece 3en1 3 CAT,"11,4",2,"16,95",,Libros de cómics,MANGA,4,PLANETA
9788411406741,One Piece 3en1 4,"11,4",3,"16,95",,Libros de cómics,MANGA,4,PLANETA
9788411406789,One Piece 3en1 4 CAT,"11,4",2,"16,95",,Libros de cómics,MANGA,4,PLANETA
9788411610773,One Piece 3en1 5,"11,4",3,"16,95",,Libros de cómics,MANGA,4,PLANETA
9788411610766,One Piece 3en1 5 CAT,"11,4",3,"16,95",,Libros de cómics,MANGA,4,PLANETA
9788411611206,One Piece 3en1 6,"11,41",2,"16,95",,Libros de cómics,MANGA,4,PLANETA
9788411611190,One Piece 3en1 6 CAT,"11,41",2,"16,95",,Libros de cómics,MANGA,4,PLANETA
9788411611831,One Piece 3en1 7,"11,41",2,"16,95",,Libros de cómics,MANGA,4,PLANETA
9788411611824,One Piece 3en1 7  CAT,"11,4",2,"16,95",,Libros de cómics,MANGA,4,PLANETA
9788411612401,One Piece 3en1 8,"11,4",1,"16,95",,Libros de cómics,MANGA,4,PLANETA
9788411612395,One Piece 3en1 8 CAT,"11,4",2,"16,95",,Libros de cómics,MANGA,4,PLANETA
9788411612845,One Piece 3en1 9,"11,4",2,"16,95",,Libros de cómics,MANGA,4,PLANETA
9788411612838,One Piece 3en1 9 CAT,"11,4",2,"16,95",,Libros de cómics,MANGA,4,PLANETA
9788416604500,One Punch-Man 1,"5,38",1,8,,Libros de cómics,MANGA,4,ASTURLIBROS
9788416905126,One Punch-Man 10,"5,38",1,8,,Libros de cómics,MANGA,4,ASTURLIBROS
9788416905393,One Punch-Man 11,"5,38",0,8,,Libros de cómics,MANGA,4,ASTURLIBROS
9788416905966,One Punch-Man 12,"5,38",1,8,,Libros de cómics,MANGA,4,ASTURLIBROS
9788417099152,One Punch-Man 13,"5,38",1,8,,Libros de cómics,MANGA,4,ASTURLIBROS
9788417179847,One Punch-Man 14,"5,38",1,8,,Libros de cómics,MANGA,4,ASTURLIBROS
9788417356170,One Punch-Man 15,"5,38",1,8,,Libros de cómics,MANGA,4,ASTURLIBROS
9788417490607,One Punch-Man 16,"5,38",0,8,,Libros de cómics,MANGA,4,ASTURLIBROS
9788417699314,One Punch-Man 17,"5,38",1,8,,Libros de cómics,MANGA,4,ASTURLIBROS
9788417777111,One Punch-Man 18,"5,38",0,8,,Libros de cómics,MANGA,4,ASTURLIBROS
9788417920494,One Punch-Man 19,"5,38",1,8,,Libros de cómics,MANGA,4,ASTURLIBROS
9788416604968,One Punch-Man 2,"5,38",1,8,,Libros de cómics,MANGA,4,ASTURLIBROS
9788418061387,One Punch-Man 20,"5,38",1,8,,Libros de cómics,MANGA,4,ASTURLIBROS
9788418172540,One Punch-Man 21,"5,38",0,8,,Libros de cómics,MANGA,4,ASTURLIBROS
9788418450990,One Punch-Man 22,"5,38",0,8,,Libros de cómics,MANGA,4,ASTURLIBROS
9788418751042,One Punch-Man 23,"5,38",0,8,,Libros de cómics,MANGA,4,ASTURLIBROS
9788419306135,One Punch-Man 24,"5,77",0,8,,Libros de cómics,MANGA,4,ASTURLIBROS
9788419600172,One Punch-Man 25,"5,38",1,8,,Libros de cómics,MANGA,4,ASTURLIBROS
9788419730459,One Punch-Man 26,"5,38",1,8,,Libros de cómics,MANGA,4,ASTURLIBROS
9788419816191,One Punch-Man 27,"5,38",1,8,,Libros de cómics,MANGA,4,ASTURLIBROS
9788410007574,One Punch-Man 28,"5,38",1,8,,Libros de cómics,MANGA,4,ASTURLIBROS
9788410258174,One Punch-Man 29,"6,05",1,8,,Libros de cómics,MANGA,4,ASTURLIBROS
9788416672127,One Punch-Man 3,"5,38",1,8,,Libros de cómics,MANGA,4,ASTURLIBROS
9788410258914,One Punch-Man 30,"6,05",1,9,,Libros de cómics,MANGA,4,ASTURLIBROS
9791387500252,One Punch-Man 31,"6,49",0,9,,Libros de cómics,MANGA,4,ASTURLIBROS
9791387619589,One Punch-Man 32,"6,06",1,9,,Libros de cómics,MANGA,4,ASTURLIBROS
9791387892746,One Punch-Man 33,"6,06",1,9,,Libros de cómics,MANGA,4,ASTURLIBROS
9791388024160,One Punch-Man 34,"6,06",1,9,,Libros de cómics,MANGA,4,ASTURLIBROS
9788416672431,One Punch-Man 4,"5,38",1,8,,Libros de cómics,MANGA,4,ASTURLIBROS
9788416672745,One Punch-Man 5,"5,38",1,8,,Libros de cómics,MANGA,4,ASTURLIBROS
9788416805013,One Punch-Man 6,"5,38",1,8,,Libros de cómics,MANGA,4,ASTURLIBROS
9788416805273,One Punch-Man 7,"5,38",1,8,,Libros de cómics,MANGA,4,ASTURLIBROS
9788416805846,One Punch-Man 9,"5,38",0,8,,Libros de cómics,MANGA,4,ASTURLIBROS
9788418172939,One Punch-Man Hero Perfection,"6,66",0,"9,9",,Libros de cómics,MANGA,4,ASTURLIBROS
9791387822842,Oni Goroshi 1,"12,08",1,"17,95",,Libros de cómics,MANGA,4,ASTURLIBROS
9791387822859,Oni Goroshi 2,"12,08",1,"17,95",,Libros de cómics,MANGA,4,ASTURLIBROS
9791399172157,Pack Sei,"8,08",1,12,,Libros de cómics,MANGA,4,AZETA
9788419177155,Pet Shop Horrors 1,"20,16",1,"29,95",,Libros de cómics,MANGA,4,ASTURLIBROS
9788419177162,Pet Shop Horrors 2,"20,16",1,"29,95",,Libros de cómics,MANGA,4,ASTURLIBROS
9791388055355,Pink Heart Jam 2,"6,39",1,"9,5",,Libros de cómics,MANGA,4,AZETA
9788467964974,PKM 1 Rojo Verde y Azul 1,"8,71",0,"12,95",,Libros de cómics,MANGA,4,ASTURLIBROS
9788467925098,PKM 10 Rubí y Zafiro 2,"8,08",0,12,,Libros de cómics,MANGA,4,ASTURLIBROS
9788467968859,PKM 11 Rubí y Zafiro 3,"8,71",1,"12,95",,Libros de cómics,MANGA,4,ASTURLIBROS
9788467968866,PKM 12 Rubí y Zafiro 4,"8,71",1,"12,95",,Libros de cómics,MANGA,4,ASTURLIBROS
9788467965032,PKM 13 Rojo Fuego y Verde Hoja 1,"8,71",0,"12,95",,Libros de cómics,MANGA,4,ASTURLIBROS
9788467925135,PKM 14 Rojo Fuego y Verde Hoja 2,"8,08",1,12,,Libros de cómics,MANGA,4,ASTURLIBROS
9788467925142,PKM 15 Esmeralda 1,"8,08",0,12,,Libros de cómics,MANGA,4,ASTURLIBROS
9788467925159,PKM 16 Esmeralda 2,"8,08",0,12,,Libros de cómics,MANGA,4,ASTURLIBROS
9788467925166,PKM 17 Diamante y Perla 1,"8,08",1,12,,Libros de cómics,MANGA,4,ASTURLIBROS
9788467930375,PKM 18 Diamante y Perla 2,"8,08",1,12,,Libros de cómics,MANGA,4,ASTURLIBROS
9788467930382,PKM 19 Diamante y Perla 3,"8,08",1,12,,Libros de cómics,MANGA,4,ASTURLIBROS
9788467964981,PKM 2 Rojo Verde y Azul 2,"8,71",1,"12,95",,Libros de cómics,MANGA,4,ASTURLIBROS
9788467968873,PKM 20 Diamante y Perla 4,"8,71",1,"12,95",,Libros de cómics,MANGA,4,ASTURLIBROS
9788467968880,PKM 21 Diamante y Perla 5,"8,71",1,"12,95",,Libros de cómics,MANGA,4,ASTURLIBROS
9788467939156,PKM 22 Platino 1,"8,08",0,12,,Libros de cómics,MANGA,4,ASTURLIBROS
9788467939163,PKM 23 Platino 2,"8,08",1,12,,Libros de cómics,MANGA,4,ASTURLIBROS
9788467941616,PKM 24 Oro HeartGold y Plata SoulSilver 1,"8,71",1,"12,95",,Libros de cómics,MANGA,4,ASTURLIBROS
9788467941623,PKM 25 Oro HeartGold y Plata SoulSilver 2,"8,08",1,12,,Libros de cómics,MANGA,4,ASTURLIBROS
9788467968903,PKM 26 Negro y Blanco 1,"8,08",1,12,,Libros de cómics,MANGA,4,ASTURLIBROS
9788467922042,PKM 27 Negro y Blanco 2,"8,08",0,12,,Libros de cómics,MANGA,4,ASTURLIBROS
9788467922059,PKM 28 Negro y Blanco 3,"7,5",1,12,,Libros de cómics,MANGA,4,ASTURLIBROS
9788467922066,PKM 29 Negro y Blanco 4,"7,5",0,12,,Libros de cómics,MANGA,4,ASTURLIBROS
9788467975789,PKM 3 Amarillo 1,"8,72",0,"12,95",,Libros de cómics,MANGA,4,ASTURLIBROS
9788467923261,PKM 30 Negro y Blanco 5,"8,08",1,12,,Libros de cómics,MANGA,4,ASTURLIBROS
9788467966978,PKM 31 Negro y Blanco 2 1,"8,09",1,"12,95",,Libros de cómics,MANGA,4,ASTURLIBROS
9788467966985,PKM 32 Negro y Blanco 2 2,"8,72",1,"12,95",,Libros de cómics,MANGA,4,ASTURLIBROS
9788467964998,PKM 4 Amarillo 2,"8,71",2,"12,95",,Libros de cómics,MANGA,4,ASTURLIBROS
9788467965001,PKM 5 Oro Plata y Cristal 1,"8,09",1,"12,95",,Libros de cómics,MANGA,4,ASTURLIBROS
9788467965018,PKM 6 Oro Plata y Cristal 2,"8,71",0,"12,95",,Libros de cómics,MANGA,4,ASTURLIBROS
9788467923292,PKM 7 Oro Plata y Cristal 3,"8,08",0,12,,Libros de cómics,MANGA,4,ASTURLIBROS
9788467923308,PKM 8 Oro Plata y Cristal 4,"8,08",0,12,,Libros de cómics,MANGA,4,ASTURLIBROS
9788467965025,PKM 9 Rubí y Zafiro 1,"8,71",0,"12,95",,Libros de cómics,MANGA,4,ASTURLIBROS
9788467967401,PKM Espada Escudo 1,"6,05",1,9,,Libros de cómics,MANGA,4,ASTURLIBROS
9788467967418,PKM Espada Escudo 2,"6,05",0,9,,Libros de cómics,MANGA,4,ASTURLIBROS
9788467967425,PKM Espada Escudo 3,"6,05",0,9,,Libros de cómics,MANGA,4,ASTURLIBROS
9788467967432,PKM Espada Escudo 4,"6,06",0,9,,Libros de cómics,MANGA,4,ASTURLIBROS
9791387822675,Princesa Parásito 1,"6,7",1,"9,95",,Libros de cómics,MANGA,4,ASTURLIBROS
9788467962789,Punpun 1,"7,37",1,"10,95",,Libros de cómics,MANGA,4,ASTURLIBROS
9788467921502,Punpun 10,"7,37",1,"10,95",,Libros de cómics,MANGA,4,ASTURLIBROS
9788467962857,Punpun 11,"7,37",1,"10,95",,Libros de cómics,MANGA,4,ASTURLIBROS
9788467962864,Punpun 12,"7,37",1,"10,95",,Libros de cómics,MANGA,4,ASTURLIBROS
9788467921533,Punpun 13,"7,37",1,"10,95",,Libros de cómics,MANGA,4,ASTURLIBROS
9788467920581,Punpun 2,"7,73",1,"10,95",,Libros de cómics,MANGA,4,ASTURLIBROS
9788467962796,Punpun 3,"7,37",1,"10,95",,Libros de cómics,MANGA,4,ASTURLIBROS
9788467962802,Punpun 4,"7,37",1,"10,95",,Libros de cómics,MANGA,4,ASTURLIBROS
9788467962819,Punpun 5,"7,37",1,"10,95",,Libros de cómics,MANGA,4,ASTURLIBROS
9788467962826,Punpun 6,"7,37",1,"10,95",,Libros de cómics,MANGA,4,ASTURLIBROS
9788467921472,Punpun 7,"7,73",1,"10,95",,Libros de cómics,MANGA,4,ASTURLIBROS
9788467962840,Punpun 8,"7,37",1,"10,95",,Libros de cómics,MANGA,4,ASTURLIBROS
9788467921496,Punpun 9,"5,72",0,"8,5",,Libros de cómics,MANGA,4,ASTURLIBROS
9788491738985,Puño Estrella N 1,"8,72",0,"13,95",,Libros de cómics,MANGA,4,PLANETA
9788413415680,Puño Estrella N 10,"8,72",1,"13,95",,Libros de cómics,MANGA,4,PLANETA
9788413415697,Puño Estrella N 11,"8,72",1,"13,95",,Libros de cómics,MANGA,4,PLANETA
9788413415703,Puño Estrella N 12,"8,72",1,"13,95",,Libros de cómics,MANGA,4,PLANETA
9788413417707,Puño Estrella N 13,"8,72",1,"13,95",,Libros de cómics,MANGA,4,PLANETA
9788491464587,Puño Estrella N 14,"8,72",1,"13,95",,Libros de cómics,MANGA,4,PLANETA
9788491464594,Puño Estrella N 15,"8,72",1,"13,95",,Libros de cómics,MANGA,4,PLANETA
9788413425122,Puño Estrella N 16,"8,72",1,"13,95",,Libros de cómics,MANGA,4,PLANETA
9788413425139,Puño Estrella N 17,"8,72",1,"13,95",,Libros de cómics,MANGA,4,PLANETA
9788413425146,Puño Estrella N 18,"8,72",1,"13,95",,Libros de cómics,MANGA,4,PLANETA
9788491738992,Puño Estrella N 2,"8,72",1,"13,95",,Libros de cómics,MANGA,4,PLANETA
9788491739005,Puño Estrella N 3,"8,72",1,"13,95",,Libros de cómics,MANGA,4,PLANETA
9788413410654,Puño Estrella N 4,"8,72",1,"13,95",,Libros de cómics,MANGA,4,PLANETA
9788413410661,Puño Estrella N 5,"8,72",1,"13,95",,Libros de cómics,MANGA,4,PLANETA
9788413410678,Puño Estrella N 6,"8,72",1,"13,95",,Libros de cómics,MANGA,4,PLANETA
9788413410685,Puño Estrella N 7,"8,72",1,"13,95",,Libros de cómics,MANGA,4,PLANETA
9788413410692,Puño Estrella N 8,"8,72",1,"13,95",,Libros de cómics,MANGA,4,PLANETA
9788413415673,Puño Estrella N 9,"8,72",1,"13,95",,Libros de cómics,MANGA,4,PLANETA
9789929831353,Q Seaside 1,"6,39",1,"9,5",,Libros de cómics,MANGA,4,ASTURLIBROS
9788412601787,Radiant 15,"5,35",1,"7,95",,Libros de cómics,MANGA,4,ASTURLIBROS
9788412601794,Radiant 16,"5,35",1,"7,95",,Libros de cómics,MANGA,4,ASTURLIBROS
9791388055058,Rakugo 1,"10,77",1,16,,Libros de cómics,MANGA,4,PLANETA
9791388055249,Rakugo 2,"10,77",1,16,,Libros de cómics,MANGA,4,PLANETA
9791388055430,Rakugo 3,"10,77",1,16,,Libros de cómics,MANGA,4,PLANETA
9788419730572,Real 1,"6,05",1,9,,Libros de cómics,MANGA,4,ASTURLIBROS
9788419869203,Real 2,"6,06",1,9,,Libros de cómics,MANGA,4,ASTURLIBROS
9788419916983,Real 3,"6,06",1,9,,Libros de cómics,MANGA,4,ASTURLIBROS
9788410007031,Real 4,"6,06",1,9,,Libros de cómics,MANGA,4,ASTURLIBROS
9788410153790,Real 5,"6,06",1,9,,Libros de cómics,MANGA,4,ASTURLIBROS
9788410213524,Real 6,"6,06",1,9,,Libros de cómics,MANGA,4,ASTURLIBROS
9788410350793,Real 7,"6,06",1,9,,Libros de cómics,MANGA,4,ASTURLIBROS
9791387784577,Real 8,"6,06",1,9,,Libros de cómics,MANGA,4,ASTURLIBROS
9791387831660,Reviviendo Dias 1,"6,39",0,"9,5",,Libros de cómics,MANGA,4,AZETA
9791387831905,Reviviendo Dias 2,"6,39",1,"9,5",,Libros de cómics,MANGA,4,AZETA
9791388055515,Reviviendo Dias 5,"6,39",1,"9,5",,Libros de cómics,MANGA,4,AZETA
9791387691943,Rezos Macabros,"10,77",1,16,,Libros de cómics,MANGA,4,ASTURLIBROS
9791387919139,Sabueso Gou Tanabe,"10,74",1,"15,95",,Libros de cómics,MANGA,4,PLANETA
9788467941074,Sailor Moon ET 1,"12,8",1,"18,95",,Libros de cómics,MANGA,4,ASTURLIBROS
9788467971156,Sailor Moon ET 2,"12,8",1,"18,95",,Libros de cómics,MANGA,4,ASTURLIBROS
9788467971163,Sailor Moon ET 3,"12,75",1,"18,95",,Libros de cómics,MANGA,4,ASTURLIBROS
9788467971170,Sailor Moon ET 4,"11,84",1,"18,95",,Libros de cómics,MANGA,4,ASTURLIBROS
9788419177872,Sailor Zombie 1,"7,37",1,"10,95",,Libros de cómics,MANGA,4,ASTURLIBROS
9788419306074,Sakamoto Days 1,"6,05",1,9,,Libros de cómics,MANGA,4,ASTURLIBROS
9788410061569,Sakamoto Days 10,"6,05",1,8,,Libros de cómics,MANGA,4,ASTURLIBROS
9788410153141,Sakamoto Days 11,"6,05",1,9,,Libros de cómics,MANGA,4,ASTURLIBROS
9788410213630,Sakamoto Days 12,"6,06",1,9,,Libros de cómics,MANGA,4,ASTURLIBROS
9788410258938,Sakamoto Days 13,"6,06",1,9,,Libros de cómics,MANGA,4,ASTURLIBROS
9788410388253,Sakamoto Days 14,"6,06",1,9,,Libros de cómics,MANGA,4,ASTURLIBROS
9791387547080,Sakamoto Days 15,"6,05",1,9,,Libros de cómics,MANGA,4,ASTURLIBROS
9791387619619,Sakamoto Days 16,"6,1",1,9,,Libros de cómics,MANGA,4,ASTURLIBROS
9791387691851,Sakamoto Days 17,"6,06",1,9,,Libros de cómics,MANGA,4,ASTURLIBROS
9791387836115,Sakamoto Days 18,"6,06",1,9,,Libros de cómics,MANGA,4,ASTURLIBROS
9791387892760,Sakamoto Days 19,"6,06",1,9,,Libros de cómics,MANGA,4,ASTURLIBROS
9788419306302,Sakamoto Days 2,"5,38",0,8,,Libros de cómics,MANGA,4,ASTURLIBROS
9791388024085,Sakamoto Days 20,"6,06",1,9,,Libros de cómics,MANGA,4,ASTURLIBROS
9791388104602,Sakamoto Days 21,"6,06",1,9,,Libros de cómics,MANGA,4,ASTURLIBROS
9791388178900,Sakamoto Days 22,"6,06",1,9,,Libros de cómics,MANGA,4,ASTURLIBROS
9788419383457,Sakamoto Days 3,"5,38",0,8,,Libros de cómics,MANGA,4,ASTURLIBROS
9788419451590,Sakamoto Days 4,"5,38",1,8,,Libros de cómics,MANGA,4,ASTURLIBROS
9788419600165,Sakamoto Days 5,"5,38",1,8,,Libros de cómics,MANGA,4,ASTURLIBROS
9788419730473,Sakamoto Days 6,"5,38",1,8,,Libros de cómics,MANGA,4,ASTURLIBROS
9788419869081,Sakamoto Days 7,"5,38",1,8,,Libros de cómics,MANGA,4,ASTURLIBROS
9788419916419,Sakamoto Days 8,"5,37",1,8,,Libros de cómics,MANGA,4,ASTURLIBROS
9788410007598,Sakamoto Days 9,"6,06",1,8,,Libros de cómics,MANGA,4,ASTURLIBROS
9788467959727,Sayonara Mini Skirt PACK 1 y 2,"12,12",1,18,,Libros de cómics,MANGA,4,ASTURLIBROS
9788467938890,"Seraph of the end, guren ichinose 1","5,38",1,8,,Libros de cómics,MANGA,4,ASTURLIBROS
9788411015981,Sexy Cosplay Doll 3,"6,03",2,"8,95",,Libros de cómics,MANGA,4,ASTURLIBROS
9791387831745,Shadow House 19,"6,06",1,9,,Libros de cómics,MANGA,4,AZETA
9791387831165,Shiita Diminutos 1,"6,06",1,9,,Libros de cómics,MANGA,4,AZETA
9791387831561,Shiita Diminutos 2,"6,06",1,9,,Libros de cómics,MANGA,4,AZETA
9791387831721,Shiita Diminutos 3,"6,06",1,9,,Libros de cómics,MANGA,4,AZETA
9788419177490,Shin Lupin III 1,"23,56",1,35,,Libros de cómics,MANGA,4,ASTURLIBROS
9788419177506,Shin Lupin III 2,"23,56",1,35,,Libros de cómics,MANGA,4,ASTURLIBROS
9788419177735,Shin Pet Shop 1,"20,2",1,30,,Libros de cómics,MANGA,4,ASTURLIBROS
9788412992441,Shin Zero 1,"12,12",1,18,,Libros de cómics,MANGA,4,AZETA
9788467960075,Shinjuku Swan ED 1+2,"16,16",1,24,,Libros de cómics,MANGA,4,ASTURLIBROS
9788412774863,Si insistes iré 2,"6,37",1,10,,Libros de cómics,MANGA,4,AZETA
9788419290847,Sigue adelante 2,"5,6",1,"8,95",,Libros de cómics,MANGA,4,AZETA
9788419177827,Silent Mobius 1,"23,56",1,35,,Libros de cómics,MANGA,4,ASTURLIBROS
9788419177834,Silent Mobius 2,"23,56",1,35,,Libros de cómics,MANGA,4,ASTURLIBROS
9791388055201,Skip and Loafer 12,"6,06",1,9,,Libros de cómics,MANGA,4,AZETA
9791387506339,Smell,"6,06",1,9,,Libros de cómics,MANGA,4,AZETA
9788410294080,Smiley 1,"6,7",1,"9,95",,Libros de cómics,MANGA,4,ASTURLIBROS
9791388029110,Smiley 10,"6,7",1,"9,95",,Libros de cómics,MANGA,4,ASTURLIBROS
9791388029127,Smiley 11,"6,7",1,"9,95",,Libros de cómics,MANGA,4,ASTURLIBROS
9788410294394,Smiley 2,"6,7",1,"9,95",,Libros de cómics,MANGA,4,ASTURLIBROS
9788410294400,Smiley 3,"6,7",1,"9,95",,Libros de cómics,MANGA,4,ASTURLIBROS
9788410294417,Smiley 4,"6,7",1,"9,95",,Libros de cómics,MANGA,4,ASTURLIBROS
9788410294424,Smiley 5,"6,7",1,"9,95",,Libros de cómics,MANGA,4,ASTURLIBROS
9788410446540,Smiley 7,"6,7",1,"9,95",,Libros de cómics,MANGA,4,ASTURLIBROS
9788410446557,Smiley 8,"6,7",1,"9,95",,Libros de cómics,MANGA,4,ASTURLIBROS
9788410446564,Smiley 9,"6,7",1,"9,95",,Libros de cómics,MANGA,4,ASTURLIBROS
9788467981360,Smother Me Integral,"13,12",1,"19,5",,Libros de cómics,MANGA,4,ASTURLIBROS
9791387506506,Soara 1,"6,06",1,9,,Libros de cómics,MANGA,4,AZETA
9791387506964,Soara 2,"6,06",1,9,,Libros de cómics,MANGA,4,AZETA
9791387831202,Soara 3,"6,06",1,9,,Libros de cómics,MANGA,4,AZETA
9791387831547,Soara 4,"6,06",1,9,,Libros de cómics,MANGA,4,AZETA
9791388055171,Soara 5,"6,06",1,9,,Libros de cómics,MANGA,4,AZETA
9791388055454,Soara 6,"6,06",2,9,,Libros de cómics,MANGA,4,AZETA
9788467934892,Solanin,"12,08",0,"17,95",,Libros de cómics,MANGA,4,ASTURLIBROS
9788467945850,Solo Leveling 1,"10,07",1,"14,95",,Libros de cómics,MANGA,4,ASTURLIBROS
9788467975147,Solo Leveling 10,"10,07",1,"14,95",,Libros de cómics,MANGA,4,ASTURLIBROS
9788467975154,Solo Leveling 11,"10,07",1,"14,95",,Libros de cómics,MANGA,4,ASTURLIBROS
9788467975161,Solo Leveling 12,"10,07",1,"14,95",,Libros de cómics,MANGA,4,ASTURLIBROS
9788467979701,Solo Leveling 13,"10,07",1,"14,95",,Libros de cómics,MANGA,4,ASTURLIBROS
9788467982657,Solo Leveling 14,"10,06",1,"14,95",,Libros de cómics,MANGA,4,ASTURLIBROS
9788467945867,Solo Leveling 2,"10,07",1,"14,95",,Libros de cómics,MANGA,4,ASTURLIBROS
9788467945874,Solo Leveling 3,"10,07",1,"14,95",,Libros de cómics,MANGA,4,ASTURLIBROS
9788467947809,Solo Leveling 4,"10,07",1,"14,95",,Libros de cómics,MANGA,4,ASTURLIBROS
9788467950151,Solo Leveling 5,"10,07",1,"14,95",,Libros de cómics,MANGA,4,ASTURLIBROS
9788467960471,Solo Leveling 6,"10,07",2,"14,95",,Libros de cómics,MANGA,4,ASTURLIBROS
9788467965292,Solo Leveling 7,"10,06",1,"14,95",,Libros de cómics,MANGA,4,ASTURLIBROS
9788467968323,Solo Leveling 8,"10,07",1,"14,95",,Libros de cómics,MANGA,4,ASTURLIBROS
9788467968330,Solo Leveling 9,"10,06",0,"14,95",,Libros de cómics,MANGA,4,ASTURLIBROS
9788467972634,Soul Eater INT 1,"11,41",1,"16,95",,Libros de cómics,MANGA,4,ASTURLIBROS
9788467972641,Soul Eater INT 2,"11,41",1,"16,95",,Libros de cómics,MANGA,4,ASTURLIBROS
9788467972658,Soul Eater INT 3,"11,41",1,"16,95",,Libros de cómics,MANGA,4,ASTURLIBROS
9788467972665,Soul Eater INT 4,"11,41",1,"16,95",,Libros de cómics,MANGA,4,ASTURLIBROS
9788467972672,Soul Eater INT 5,"11,41",1,"16,95",,Libros de cómics,MANGA,4,ASTURLIBROS
9788467972689,Soul Eater INT 6,"11,41",1,"16,95",,Libros de cómics,MANGA,4,ASTURLIBROS
9788467972696,Soul Eater INT 7,"11,41",1,"16,95",,Libros de cómics,MANGA,4,ASTURLIBROS
9788467972702,Soul Eater INT 8,"11,41",1,"16,95",,Libros de cómics,MANGA,4,ASTURLIBROS
9788467972719,Soul Eater INT 9,"11,41",1,"16,95",,Libros de cómics,MANGA,4,ASTURLIBROS
9788418271236,Spy x Family 1,"5,38",1,8,,Libros de cómics,MANGA,4,ASTURLIBROS
9788419730534,Spy x Family 10,"5,38",1,8,,Libros de cómics,MANGA,4,ASTURLIBROS
9788419916303,Spy x Family 11,"5,38",1,8,,Libros de cómics,MANGA,4,ASTURLIBROS
9788410113558,Spy x Family 12,"5,38",1,8,,Libros de cómics,MANGA,4,ASTURLIBROS
9788410258785,Spy x Family 13,"6,05",1,9,,Libros de cómics,MANGA,4,ASTURLIBROS
9791387547066,Spy x Family 14,"6,05",1,9,,Libros de cómics,MANGA,4,ASTURLIBROS
9791387784539,Spy x Family 15,"6,06",1,9,,Libros de cómics,MANGA,4,ASTURLIBROS
9791388104640,Spy x Family 16,"6,05",1,9,,Libros de cómics,MANGA,4,ASTURLIBROS
9788418271717,Spy x Family 2,"5,38",1,8,,Libros de cómics,MANGA,4,ASTURLIBROS
9788418450129,Spy x Family 3,"5,38",1,8,,Libros de cómics,MANGA,4,ASTURLIBROS
9788418450976,Spy x Family 4,"5,38",3,8,,Libros de cómics,MANGA,4,ASTURLIBROS
9788418645105,Spy x Family 5,"5,38",1,8,,Libros de cómics,MANGA,4,ASTURLIBROS
9788418751141,Spy x Family 6,"5,38",1,8,,Libros de cómics,MANGA,4,ASTURLIBROS
9788419010032,Spy x Family 7,"5,38",1,8,,Libros de cómics,MANGA,4,ASTURLIBROS
9788419185600,Spy x Family 8,"5,38",1,8,,Libros de cómics,MANGA,4,ASTURLIBROS
9788419451064,Spy x Family 9,"5,38",1,8,,Libros de cómics,MANGA,4,ASTURLIBROS
9788419177445,Steam Detectives 1,"23,56",1,35,,Libros de cómics,MANGA,4,ASTURLIBROS
9788416352609,Steins Gate 1,"5,72",1,8,,Libros de cómics,MANGA,4,ASTURLIBROS
9788418612749,Stellar Demon Guitar,"6,7",1,"9,95",,Libros de cómics,MANGA,4,UDL
9791387831783,Strand 1,"6,06",1,9,,Libros de cómics,MANGA,4,AZETA
9791388055126,Strand 2,"6,06",1,9,,Libros de cómics,MANGA,4,AZETA
9791388055300,Strand 3,"6,06",1,9,,Libros de cómics,MANGA,4,AZETA
9791388055560,Strand 4,"6,06",1,9,,Libros de cómics,MANGA,4,AZETA
9788418309656,Strawberry Shortcakes,"16,83",1,25,,Libros de cómics,MANGA,4,UDL
9791387831950,Summer Time 2026,"6,06",1,9,,Libros de cómics,MANGA,4,AZETA
9791388298219,Sus Ojos Me Persiguen,"12,12",1,18,,Libros de cómics,MANGA,4,ASTURLIBROS
9788467978087,Sweet Home 4,"11,41",1,"16,95",,Libros de cómics,MANGA,4,ASTURLIBROS
9788419177940,Swordgai 1,"7,37",1,"10,95",,Libros de cómics,MANGA,4,ASTURLIBROS
9788419177957,Swordgai 2,"7,37",1,"10,95",,Libros de cómics,MANGA,4,ASTURLIBROS
9791387831349,Takatora y Omegas 1,"6,39",1,"9,5",,Libros de cómics,MANGA,4,AZETA
9791387831813,Takatora y Omegas 2,"6,39",1,"9,5",,Libros de cómics,MANGA,4,AZETA
9788410512191,Tank Chair 1,"6,03",1,"8,95",,Libros de cómics,MANGA,4,ASTURLIBROS
9788410513624,Tank Chair 2,"6,03",1,"8,95",,Libros de cómics,MANGA,4,ASTURLIBROS
9788410514652,Tank Chair 3,"6,03",1,"8,95",,Libros de cómics,MANGA,4,ASTURLIBROS
9788410515949,Tank Chair 4,"6,03",1,"8,95",,Libros de cómics,MANGA,4,ASTURLIBROS
9788410516755,Tank Chair 5,"6,03",1,"8,95",,Libros de cómics,MANGA,4,ASTURLIBROS
9788410518582,Tank Chair 6,"6,03",1,"8,95",,Libros de cómics,MANGA,4,ASTURLIBROS
9788467955316,Tatsuki Fujimoto Historias Cortas 22-26,5,1,8,,Libros de cómics,MANGA,4,ASTURLIBROS
9791387506186,The Climber 10,"6,06",1,9,,Libros de cómics,MANGA,4,AZETA
9791387506445,The Climber 11,"6,06",1,9,,Libros de cómics,MANGA,4,AZETA
9791387506704,The Climber 12,"6,06",1,9,,Libros de cómics,MANGA,4,AZETA
9791387831028,The Climber 13,"6,06",1,9,,Libros de cómics,MANGA,4,AZETA
9791387831318,The Climber 14,"6,06",1,9,,Libros de cómics,MANGA,4,AZETA
9791387831615,The Climber 15,"6,06",1,9,,Libros de cómics,MANGA,4,AZETA
9791387831868,The Climber 16,"6,06",1,9,,Libros de cómics,MANGA,4,AZETA
9791388055065,The Climber 17,"6,06",2,9,,Libros de cómics,MANGA,4,AZETA
9788419914064,The Climber 2,"6,06",1,9,,Libros de cómics,MANGA,4,AZETA
9788419914590,The Climber 4,"6,06",1,9,,Libros de cómics,MANGA,4,AZETA
9788419914903,The Climber 5,"6,06",1,9,,Libros de cómics,MANGA,4,AZETA
9788410223936,The Climber 9,"6,06",1,9,,Libros de cómics,MANGA,4,AZETA
9788409523023,The Horizon 1,"10,74",1,"15,95",,Libros de cómics,MANGA,4,AZETA
9788409540969,The Horizon 2,"9,76",0,"14,5",,Libros de cómics,MANGA,4,AZETA
9788409562084,The Horizon 3,"9,76",1,"14,5",,Libros de cómics,MANGA,4,AZETA
9791388055003,Therapy Restart 5,"6,06",1,9,,Libros de cómics,MANGA,4,AZETA
9791387831677,To your eternity 23,"5,72",1,"8,5",,Libros de cómics,MANGA,4,AZETA
9791388055072,To your eternity 24,"5,72",1,"8,5",,Libros de cómics,MANGA,4,AZETA
9791388055423,To your eternity 25,"5,72",1,"8,5",,Libros de cómics,MANGA,4,AZETA
9788418309854,Todo Esta En Mis Manos,"16,16",1,24,,Libros de cómics,MANGA,4,UDL
9788419177308,Tokko Zero 1,"6,39",1,"9,5",,Libros de cómics,MANGA,4,ASTURLIBROS
9788419177315,Tokko Zero 2,"6,39",1,"9,5",,Libros de cómics,MANGA,4,ASTURLIBROS
9788419177322,Tokko Zero 3,"6,39",1,"9,5",,Libros de cómics,MANGA,4,ASTURLIBROS
9788419177339,Tokko Zero 4,"8,04",0,"11,95",,Libros de cómics,MANGA,4,ASTURLIBROS
9791387779474,Tomie 1,"16,1",1,25,,Libros de cómics,MANGA,4,PLANETA
9791387919511,Tomie 2,"16,1",1,25,,Libros de cómics,MANGA,4,PLANETA
9791387831752,Tomodachi Game 12,"5,72",1,"8,5",,Libros de cómics,MANGA,4,AZETA
9791388055027,Tomodachi Game 13,"5,72",1,"8,5",,Libros de cómics,MANGA,4,AZETA
9788416960170,Tomodachi Game 6,"5,72",1,"8,5",,Libros de cómics,MANGA,4,AZETA
9788416960262,Tragones y mazmorras 1,"6,06",1,9,,Libros de cómics,MANGA,4,AZETA
9788419195241,Tragones y mazmorras 10,"6,06",1,9,,Libros de cómics,MANGA,4,AZETA
9788419195531,Tragones y mazmorras 11,"6,06",0,9,,Libros de cómics,MANGA,4,AZETA
9788419914170,Tragones y mazmorras 12,"6,06",1,9,,Libros de cómics,MANGA,4,AZETA
9788410223141,Tragones y mazmorras 13,"6,06",0,9,,Libros de cómics,MANGA,4,AZETA
9788410223516,Tragones y mazmorras 14,"6,06",0,9,,Libros de cómics,MANGA,4,AZETA
9788416960378,Tragones y mazmorras 2,"6,06",0,9,,Libros de cómics,MANGA,4,AZETA
9788416960477,Tragones y mazmorras 3,"6,06",0,9,,Libros de cómics,MANGA,4,AZETA
9788416960651,Tragones y mazmorras 4,"6,06",1,9,,Libros de cómics,MANGA,4,AZETA
9788417373078,Tragones y mazmorras 5,"6,06",0,9,,Libros de cómics,MANGA,4,AZETA
9788417373597,Tragones y mazmorras 6,"6,06",1,9,,Libros de cómics,MANGA,4,AZETA
9788417820855,Tragones y mazmorras 7,"6,06",1,9,,Libros de cómics,MANGA,4,AZETA
9788418222627,Tragones y mazmorras 8,"6,06",0,9,,Libros de cómics,MANGA,4,AZETA
9788418788130,Tragones y mazmorras 9,"6,06",0,9,,Libros de cómics,MANGA,4,AZETA
9791388055119,Tranquilos Yano 8,"6,06",1,9,,Libros de cómics,MANGA,4,AZETA
9791388055591,Tranquilos Yano 9,"6,06",1,9,,Libros de cómics,MANGA,4,AZETA
9788410223882,Trump 2,"6,06",1,9,,Libros de cómics,MANGA,4,AZETA
9791387506155,Trump 3,"6,06",1,9,,Libros de cómics,MANGA,4,AZETA
9791387506452,Trump 4,"6,06",1,9,,Libros de cómics,MANGA,4,AZETA
9791387506773,Trump 5,"6,06",1,9,,Libros de cómics,MANGA,4,AZETA
9791399042085,Urotsukidoji 1,"6,73",1,10,,Libros de cómics,MANGA,4,AZETA
9791399179606,Urotsukidoji 2,"6,73",1,10,,Libros de cómics,MANGA,4,AZETA
9788491465843,Uzumaki,"18,14",1,"26,95",,Libros de cómics,MANGA,4,PLANETA
9788419536655,Verano Hikaru Murió 1,"6,06",0,9,,Libros de cómics,MANGA,4,AZETA
9788419914095,Verano Hikaru Murió 2,"6,06",0,9,,Libros de cómics,MANGA,4,AZETA
9788419914798,Verano Hikaru Murió 3,"6,06",0,9,,Libros de cómics,MANGA,4,AZETA
9788410223523,Verano Hikaru Murió 4,"6,06",0,9,,Libros de cómics,MANGA,4,AZETA
9791387506063,Verano Hikaru Murió 5,"6,06",0,9,,Libros de cómics,MANGA,4,AZETA
9791387831929,Verano Hikaru Murió 7,"6,06",1,9,,Libros de cómics,MANGA,4,AZETA
9788416051816,Vinland Saga 1,"9,34",1,"12,95",,Libros de cómics,MANGA,4,PLANETA
9788416816187,Vinland Saga 12,"8,72",1,"12,95",,Libros de cómics,MANGA,4,PLANETA
9788416816385,Vinland Saga 14,"8,72",1,"12,95",,Libros de cómics,MANGA,4,PLANETA
9788491730651,Vinland Saga 19,"8,72",1,"12,95",,Libros de cómics,MANGA,4,PLANETA
9788416090266,Vinland Saga 2,"9,34",1,"12,95",,Libros de cómics,MANGA,4,PLANETA
9788416244553,Vinland Saga 6,"8,72",1,"12,95",,Libros de cómics,MANGA,4,PLANETA
9788416401277,Vinland Saga 7,"8,72",1,"12,95",,Libros de cómics,MANGA,4,PLANETA
9788416476916,Vinland Saga 8,"8,72",1,"12,95",,Libros de cómics,MANGA,4,PLANETA
9788467979367,Wild Strawberry 1,"3,12",1,"4,99",,Libros de cómics,MANGA,4,ASTURLIBROS
9788410450011,Wistoria 1,"5,31",3,"8,5",,Libros de cómics,MANGA,4,AZETA
9791388055195,Witch Watch 19,"5,72",1,"8,5",,Libros de cómics,MANGA,4,AZETA
9791388055379,Witch Watch 20,"5,72",1,"8,5",,Libros de cómics,MANGA,4,AZETA
9788467944327,Yo-KAI Watch 13,"6,06",1,9,,Libros de cómics,MANGA,4,ASTURLIBROS
9788467925913,Yo-Kai Watch 5,"5,35",1,"7,95",,Libros de cómics,MANGA,4,ASTURLIBROS
9788467925937,Yo-Kai Watch 7,"5,35",1,"7,95",,Libros de cómics,MANGA,4,ASTURLIBROS
9788467933512,Yo-Kai Watch 9,"5,35",2,"7,95",,Libros de cómics,MANGA,4,ASTURLIBROS
9788467936803,Yona 17,"5,38",1,8,,Libros de cómics,MANGA,4,ASTURLIBROS
9788467952209,Yona 35,"5,38",1,8,,Libros de cómics,MANGA,4,ASTURLIBROS
9791399163025,Yubikiri Leo,"8,08",1,12,,Libros de cómics,MANGA,4,AZETA
9791399071368,Yuuan no Kanata 1,"6,39",1,"9,5",,Libros de cómics,MANGA,4,AZETA
9791399163018,Yuuan no Kanata 2,"6,39",1,"9,5",,Libros de cómics,MANGA,4,AZETA
9788467965599,Zelda Minish PE,"11,41",1,"16,95",,Libros de cómics,MANGA,4,ASTURLIBROS
9788467965605,Zelda Oracle PE,"11,41",1,"16,95",,Libros de cómics,MANGA,4,ASTURLIBROS
