NOMBRE,COSTE,PVP,SKU,Categoría,TIPO,TIPO_IVA,Proveedor,COLOR,TALLA,UNIDADES (stock_actual),VARIANTE
Camiseta,"2,39",,,Camisetas,Camiseta,21,Falk and Ross,Negro,S,9,Hombre
Camiseta,"2,39",,,Camisetas,Camiseta,21,Falk and Ross,Marino,S,7,Hombre
Camiseta,"2,39",,,Camisetas,Camiseta,21,Falk and Ross,Verde,S,3,Hombre
Camiseta,"2,39",,,Camisetas,Camiseta,21,Falk and Ross,Militar,S,2,Hombre
Camiseta,"2,39",,,Camisetas,Camiseta,21,Falk and Ross,Gris,S,4,Hombre
Camiseta,"2,39",,,Camisetas,Camiseta,21,Falk and Ross,Rosa,S,2,Hombre
Camiseta,"2,39",,,Camisetas,Camiseta,21,Falk and Ross,Natural,S,3,Hombre
Camiseta,"2,39",,,Camisetas,Camiseta,21,Falk and Ross,Royal,S,1,Hombre
Camiseta,"2,39",,,Camisetas,Camiseta,21,Falk and Ross,Rojo,S,2,Hombre
Camiseta,"2,39",,,Camisetas,Camiseta,21,Falk and Ross,Celeste,S,3,Hombre
Camiseta,"2,39",,,Camisetas,Camiseta,21,Falk and Ross,Charcoal,S,3,Hombre
Camiseta,"2,39",,,Camisetas,Camiseta,21,Falk and Ross,Amarillo,S,1,Hombre
Camiseta,"2,39",,,Camisetas,Camiseta,21,Falk and Ross,Blanco,S,2,Hombre
Camiseta,"2,39",,,Camisetas,Camiseta,21,Falk and Ross,Negro,M,7,Hombre
Camiseta,"2,39",,,Camisetas,Camiseta,21,Falk and Ross,Marino,M,1,Hombre
Camiseta,"2,39",,,Camisetas,Camiseta,21,Falk and Ross,Verde,M,1,Hombre
Camiseta,"2,39",,,Camisetas,Camiseta,21,Falk and Ross,Militar,M,2,Hombre
Camiseta,"2,39",,,Camisetas,Camiseta,21,Falk and Ross,Gris,M,1,Hombre
Camiseta,"2,39",,,Camisetas,Camiseta,21,Falk and Ross,Rosa,M,1,Hombre
Camiseta,"2,39",,,Camisetas,Camiseta,21,Falk and Ross,Caqui,M,4,Hombre
Camiseta,"2,39",,,Camisetas,Camiseta,21,Falk and Ross,Rojo,M,2,Hombre
Camiseta,"2,39",,,Camisetas,Camiseta,21,Falk and Ross,Charcoal,M,24,Hombre
Camiseta,"2,39",,,Camisetas,Camiseta,21,Falk and Ross,Blanco,M,1,Hombre
Camiseta,"2,39",,,Camisetas,Camiseta,21,Falk and Ross,Negro,L,14,Hombre
Camiseta,"2,39",,,Camisetas,Camiseta,21,Falk and Ross,Verde,L,1,Hombre
Camiseta,"2,39",,,Camisetas,Camiseta,21,Falk and Ross,Militar,L,3,Hombre
Camiseta,"2,39",,,Camisetas,Camiseta,21,Falk and Ross,Natural,L,1,Hombre
Camiseta,"2,39",,,Camisetas,Camiseta,21,Falk and Ross,Celeste,L,1,Hombre
Camiseta,"2,39",,,Camisetas,Camiseta,21,Falk and Ross,Marino,L,2,Hombre
Camiseta,"2,39",,,Camisetas,Camiseta,21,Falk and Ross,Gris,L,1,Hombre
Camiseta,"2,39",,,Camisetas,Camiseta,21,Falk and Ross,Rosa,L,1,Hombre
Camiseta,"2,39",,,Camisetas,Camiseta,21,Falk and Ross,Caqui,L,7,Hombre
Camiseta,"2,39",,,Camisetas,Camiseta,21,Falk and Ross,Rojo,L,6,Hombre
Camiseta,"2,39",,,Camisetas,Camiseta,21,Falk and Ross,Blanco,L,1,Hombre
Camiseta,"2,39",,,Camisetas,Camiseta,21,Falk and Ross,Negro,XL,19,Hombre
Camiseta,"2,39",,,Camisetas,Camiseta,21,Falk and Ross,Celeste,XL,1,Hombre
Camiseta,"2,39",,,Camisetas,Camiseta,21,Falk and Ross,Militar,XL,2,Hombre
Camiseta,"2,39",,,Camisetas,Camiseta,21,Falk and Ross,Natural,XL,1,Hombre
Camiseta,"2,39",,,Camisetas,Camiseta,21,Falk and Ross,Gris,XL,1,Hombre
Camiseta,"2,39",,,Camisetas,Camiseta,21,Falk and Ross,Rosa,XL,3,Hombre
Camiseta,"2,39",,,Camisetas,Camiseta,21,Falk and Ross,Verde,XL,1,Hombre
Camiseta,"2,39",,,Camisetas,Camiseta,21,Falk and Ross,Caqui,XL,4,Hombre
Camiseta,"2,39",,,Camisetas,Camiseta,21,Falk and Ross,Blanco,XL,2,Hombre
Camiseta,"2,39",,,Camisetas,Camiseta,21,Falk and Ross,Negro,2XL,17,Hombre
Camiseta,"2,39",,,Camisetas,Camiseta,21,Falk and Ross,Natural,2XL,3,Hombre
Camiseta,"2,39",,,Camisetas,Camiseta,21,Falk and Ross,Marino,2XL,1,Hombre
Camiseta,"2,39",,,Camisetas,Camiseta,21,Falk and Ross,Rosa,2XL,3,Hombre
Camiseta,"2,39",,,Camisetas,Camiseta,21,Falk and Ross,Caqui,2XL,5,Hombre
Camiseta,"2,39",,,Camisetas,Camiseta,21,Falk and Ross,Militar,2XL,1,Hombre
Camiseta,"2,39",,,Camisetas,Camiseta,21,Falk and Ross,Gris,2XL,1,Hombre
Camiseta,"2,39",,,Camisetas,Camiseta,21,Falk and Ross,Amarillo,2XL,1,Hombre
Camiseta,"2,39",,,Camisetas,Camiseta,21,Falk and Ross,Naranja,2XL,1,Hombre
Camiseta,"2,39",,,Camisetas,Camiseta,21,Falk and Ross,Rojo,2XL,1,Hombre
Camiseta,"2,39",,,Camisetas,Camiseta,21,Falk and Ross,Blanco,2XL,4,Hombre
Camiseta,"2,39",,,Camisetas,Camiseta,21,Falk and Ross,Negro,3XL,1,Hombre
Camiseta,"2,39",,,Camisetas,Camiseta,21,Falk and Ross,Celeste,3XL,5,Hombre
Camiseta,"2,39",,,Camisetas,Camiseta,21,Falk and Ross,Marino,3XL,7,Hombre
Camiseta,"2,39",,,Camisetas,Camiseta,21,Falk and Ross,Rosa,3XL,3,Hombre
Camiseta,"2,39",,,Camisetas,Camiseta,21,Falk and Ross,Caqui,3XL,1,Hombre
Camiseta,"2,39",,,Camisetas,Camiseta,21,Falk and Ross,Militar,3XL,1,Hombre
Camiseta,"2,39",,,Camisetas,Camiseta,21,Falk and Ross,Charcoal,3XL,5,Hombre
Camiseta,"2,39",,,Camisetas,Camiseta,21,Falk and Ross,Gris,3XL,1,Hombre
Camiseta,"2,39",,,Camisetas,Camiseta,21,Falk and Ross,Blanco,3XL,3,Hombre
Camiseta,"2,39",,,Camisetas,Camiseta,21,Falk and Ross,Gris,4XL,1,Hombre
Camiseta,"2,39",,,Camisetas,Camiseta,21,Falk and Ross,Negro,5XL,2,Hombre
Camiseta,"2,39",,,Camisetas,Camiseta,21,Falk and Ross,Marino,5XL,1,Hombre
Camiseta,"2,39",,,Camisetas,Camiseta,21,Falk and Ross,Gris,5XL,1,Hombre
Camiseta,"1,87",,,Camisetas,Camiseta,21,Falk and Ross,Verde,1/2,1,Infantil
Camiseta,"1,87",,,Camisetas,Camiseta,21,Falk and Ross,Naranja,1/2,2,Infantil
Camiseta,"1,87",,,Camisetas,Camiseta,21,Falk and Ross,Amarillo,1/2,1,Infantil
Camiseta,"1,87",,,Camisetas,Camiseta,21,Falk and Ross,Rojo,1/2,2,Infantil
Camiseta,"1,87",,,Camisetas,Camiseta,21,Falk and Ross,Royal,1/2,1,Infantil
Camiseta,"1,87",,,Camisetas,Camiseta,21,Falk and Ross,Rosa,1/2,1,Infantil
Camiseta,"1,87",,,Camisetas,Camiseta,21,Falk and Ross,Marino,1/2,1,Infantil
Camiseta,"1,87",,,Camisetas,Camiseta,21,Falk and Ross,Negro,3/4,11,Infantil
Camiseta,"1,87",,,Camisetas,Camiseta,21,Falk and Ross,Marino,3/4,1,Infantil
Camiseta,"1,87",,,Camisetas,Camiseta,21,Falk and Ross,Charcoal,3/4,1,Infantil
Camiseta,"1,87",,,Camisetas,Camiseta,21,Falk and Ross,Royal,3/4,1,Infantil
Camiseta,"1,87",,,Camisetas,Camiseta,21,Falk and Ross,Amarillo,3/4,2,Infantil
Camiseta,"1,87",,,Camisetas,Camiseta,21,Falk and Ross,Natural,3/4,2,Infantil
Camiseta,"1,87",,,Camisetas,Camiseta,21,Falk and Ross,Rosa,3/4,2,Infantil
Camiseta,"1,87",,,Camisetas,Camiseta,21,Falk and Ross,Celeste,3/4,1,Infantil
Camiseta,"1,87",,,Camisetas,Camiseta,21,Falk and Ross,Gris,3/4,1,Infantil
Camiseta,"1,87",,,Camisetas,Camiseta,21,Falk and Ross,Blanco,3/4,2,Infantil
Camiseta,"1,87",,,Camisetas,Camiseta,21,Falk and Ross,Negro,5/6,7,Infantil
Camiseta,"1,87",,,Camisetas,Camiseta,21,Falk and Ross,Caqui,5/6,2,Infantil
Camiseta,"1,87",,,Camisetas,Camiseta,21,Falk and Ross,Rosa,5/6,1,Infantil
Camiseta,"1,87",,,Camisetas,Camiseta,21,Falk and Ross,Blanco,5/6,3,Infantil
Camiseta,"1,87",,,Camisetas,Camiseta,21,Falk and Ross,Verde,5/6,1,Infantil
Camiseta,"1,87",,,Camisetas,Camiseta,21,Falk and Ross,Negro,7/8,11,Infantil
Camiseta,"1,87",,,Camisetas,Camiseta,21,Falk and Ross,Marino,7/8,1,Infantil
Camiseta,"1,87",,,Camisetas,Camiseta,21,Falk and Ross,Rojo,7/8,1,Infantil
Camiseta,"1,87",,,Camisetas,Camiseta,21,Falk and Ross,Natural,7/8,2,Infantil
Camiseta,"1,87",,,Camisetas,Camiseta,21,Falk and Ross,Celeste,7/8,1,Infantil
Camiseta,"1,87",,,Camisetas,Camiseta,21,Falk and Ross,Gris,7/8,2,Infantil
Camiseta,"1,87",,,Camisetas,Camiseta,21,Falk and Ross,Caqui,7/8,2,Infantil
Camiseta,"1,87",,,Camisetas,Camiseta,21,Falk and Ross,Rosa,7/8,2,Infantil
Camiseta,"1,87",,,Camisetas,Camiseta,21,Falk and Ross,Blanco,7/8,3,Infantil
Camiseta,"1,87",,,Camisetas,Camiseta,21,Falk and Ross,Verde,7/8,1,Infantil
Camiseta,"1,87",,,Camisetas,Camiseta,21,Falk and Ross,Royal,7/8,1,Infantil
Camiseta,"1,87",,,Camisetas,Camiseta,21,Falk and Ross,Negro,9/11,9,Infantil
Camiseta,"1,87",,,Camisetas,Camiseta,21,Falk and Ross,Caqui,9/11,2,Infantil
Camiseta,"1,87",,,Camisetas,Camiseta,21,Falk and Ross,Rosa,9/11,3,Infantil
Camiseta,"1,87",,,Camisetas,Camiseta,21,Falk and Ross,Blanco,9/11,3,Infantil
Camiseta,"1,87",,,Camisetas,Camiseta,21,Falk and Ross,Verde,9/11,1,Infantil
Camiseta,"1,87",,,Camisetas,Camiseta,21,Falk and Ross,Marino,9/11,2,Infantil
Camiseta,"1,87",,,Camisetas,Camiseta,21,Falk and Ross,Rojo,9/11,4,Infantil
Camiseta,"1,87",,,Camisetas,Camiseta,21,Falk and Ross,Natural,9/11,1,Infantil
Camiseta,"1,87",,,Camisetas,Camiseta,21,Falk and Ross,Celeste,9/11,1,Infantil
Camiseta,"1,87",,,Camisetas,Camiseta,21,Falk and Ross,Negro,12/13,2,Infantil
Camiseta,"1,87",,,Camisetas,Camiseta,21,Falk and Ross,Caqui,12/13,2,Infantil
Camiseta,"1,87",,,Camisetas,Camiseta,21,Falk and Ross,Rosa,12/13,2,Infantil
Camiseta,"1,87",,,Camisetas,Camiseta,21,Falk and Ross,Verde,12/13,1,Infantil
Camiseta,"1,87",,,Camisetas,Camiseta,21,Falk and Ross,Marino,12/13,1,Infantil
Camiseta,"1,87",,,Camisetas,Camiseta,21,Falk and Ross,Rojo,12/13,3,Infantil
Camiseta,"1,87",,,Camisetas,Camiseta,21,Falk and Ross,Royal,12/13,4,Infantil
Camiseta,"1,87",,,Camisetas,Camiseta,21,Falk and Ross,Blanco,12/13,2,Infantil
Camiseta,"1,87",,,Camisetas,Camiseta,21,Falk and Ross,Amarillo,12/13,1,Infantil
Camiseta,"2,24",,,Camisetas,Camiseta,21,Falk and Ross,Blanco,XS,2,Mujer
Camiseta,"2,24",,,Camisetas,Camiseta,21,Falk and Ross,Blanco,S,3,Mujer
Camiseta,"2,24",,,Camisetas,Camiseta,21,Falk and Ross,Blanco,M,3,Mujer
Camiseta,"2,24",,,Camisetas,Camiseta,21,Falk and Ross,Blanco,L,4,Mujer
Camiseta,"2,24",,,Camisetas,Camiseta,21,Falk and Ross,Blanco,XL,4,Mujer
Camiseta,"2,24",,,Camisetas,Camiseta,21,Falk and Ross,Blanco,2XL,3,Mujer
Camiseta,"2,24",,,Camisetas,Camiseta,21,Falk and Ross,Negro,XS,1,Mujer
Camiseta,"2,24",,,Camisetas,Camiseta,21,Falk and Ross,Negro,M,1,Mujer
Camiseta,"2,24",,,Camisetas,Camiseta,21,Falk and Ross,Negro,XL,1,Mujer
Camiseta,"2,24",,,Camisetas,Camiseta,21,Falk and Ross,Negro,2XL,1,Mujer
Camiseta,"2,24",,,Camisetas,Camiseta,21,Falk and Ross,Royal,XS,2,Mujer
Camiseta,"2,24",,,Camisetas,Camiseta,21,Falk and Ross,Royal,S,1,Mujer
Camiseta,"2,24",,,Camisetas,Camiseta,21,Falk and Ross,Royal,M,1,Mujer
Camiseta,"2,24",,,Camisetas,Camiseta,21,Falk and Ross,Royal,L,3,Mujer
Camiseta,"2,24",,,Camisetas,Camiseta,21,Falk and Ross,Royal,XL,2,Mujer
Camiseta,"2,24",,,Camisetas,Camiseta,21,Falk and Ross,Royal,2XL,1,Mujer
Camiseta,"2,24",,,Camisetas,Camiseta,21,Falk and Ross,Charcoal,XS,1,Mujer
Camiseta,"2,24",,,Camisetas,Camiseta,21,Falk and Ross,Charcoal,S,2,Mujer
Camiseta,"2,24",,,Camisetas,Camiseta,21,Falk and Ross,Charcoal,L,1,Mujer
Camiseta,"2,24",,,Camisetas,Camiseta,21,Falk and Ross,Charcoal,XL,2,Mujer
Camiseta,"2,24",,,Camisetas,Camiseta,21,Falk and Ross,Celeste,XS,1,Mujer
Camiseta,"2,24",,,Camisetas,Camiseta,21,Falk and Ross,Celeste,XL,1,Mujer
Camiseta,"2,24",,,Camisetas,Camiseta,21,Falk and Ross,Militar,XS,2,Mujer
Camiseta,"2,24",,,Camisetas,Camiseta,21,Falk and Ross,Marino,XS,2,Mujer
Camiseta,"2,24",,,Camisetas,Camiseta,21,Falk and Ross,Marino,S,1,Mujer
Camiseta,"2,24",,,Camisetas,Camiseta,21,Falk and Ross,Marino,M,5,Mujer
Camiseta,"2,24",,,Camisetas,Camiseta,21,Falk and Ross,Marino,L,5,Mujer
Camiseta,"2,24",,,Camisetas,Camiseta,21,Falk and Ross,Marino,2XL,1,Mujer
Camiseta,"2,24",,,Camisetas,Camiseta,21,Falk and Ross,Rojo,S,2,Mujer
Camiseta,"2,24",,,Camisetas,Camiseta,21,Falk and Ross,Rojo,M,2,Mujer
Camiseta,"2,24",,,Camisetas,Camiseta,21,Falk and Ross,Rojo,L,2,Mujer
Camiseta,"2,24",,,Camisetas,Camiseta,21,Falk and Ross,Rojo,XL,2,Mujer
Camiseta,"2,24",,,Camisetas,Camiseta,21,Falk and Ross,Used Black,M,1,Mujer
Camiseta,"2,24",,,Camisetas,Camiseta,21,Falk and Ross,Used Black,L,2,Mujer
Camiseta,"2,24",,,Camisetas,Camiseta,21,Falk and Ross,Verde,M,1,Mujer
Camiseta,"2,24",,,Camisetas,Camiseta,21,Falk and Ross,Rosa,L,1,Mujer
Camiseta,"2,24",,,Camisetas,Camiseta,21,Falk and Ross,Rosa,2XL,1,Mujer
Camiseta,"2,24",,,Camisetas,Camiseta,21,Falk and Ross,Gris,XL,2,Mujer
Camiseta,"2,24",,,Camisetas,Camiseta,21,Falk and Ross,Gris,2XL,2,Mujer
Camiseta,"2,91",,,Bodys para bebés,Camiseta,21,Falk and Ross,Charcoal,18/24,2,Bebé
Camiseta,"2,91",,,Bodys para bebés,Camiseta,21,Falk and Ross,Negro,18/24,1,Bebé
Camiseta,"2,91",,,Bodys para bebés,Camiseta,21,Falk and Ross,Charcoal,12/18,1,Bebé
Camiseta,"2,91",,,Bodys para bebés,Camiseta,21,Falk and Ross,negro,12/18,2,Bebé
Camiseta,"2,91",,,Bodys para bebés,Camiseta,21,Falk and Ross,Charcoal,6/12,1,Bebé
Camiseta,"2,91",,,Bodys para bebés,Camiseta,21,Falk and Ross,Marino,6/12,1,Bebé
Camiseta,"2,91",,,Bodys para bebés,Camiseta,21,Falk and Ross,Marrón,6/12,1,Bebé
Camiseta,"2,91",,,Bodys para bebés,Camiseta,21,Falk and Ross,Marino,3/6,1,Bebé
Camiseta,"2,91",,,Bodys para bebés,Camiseta,21,Falk and Ross,Charcoal,3/6,2,Bebé
Camiseta,"2,91",,,Bodys para bebés,Camiseta,21,Falk and Ross,negro,3/6,1,Bebé
Camiseta,"2,91",,,Bodys para bebés,Camiseta,21,Falk and Ross,Marrón,0/3,1,Bebé
Camiseta,"2,91",,,Bodys para bebés,Camiseta,21,Falk and Ross,Charcoal,0/3,1,Bebé
Camiseta,"2,91",,,Bodys para bebés,Camiseta,21,Falk and Ross,negro,0/3,1,Bebé
Camiseta,"2,57",,,Camisetas,Camiseta,21,Falk and Ross,Negro,2XL,1,Tirantes
Camiseta,"2,57",,,Camisetas,Camiseta,21,Falk and Ross,Negro,3XL,1,Tirantes
Camiseta,"3,93",,,Camisetas,Camiseta,21,Falk and Ross,Negro,S,2,Oversized
Camiseta,"3,93",,,Camisetas,Camiseta,21,Falk and Ross,Negro,L,2,Oversized
Camiseta,"3,93",,,Camisetas,Camiseta,21,Falk and Ross,Negro,XL,2,Oversized
Camiseta,"3,93",,,Camisetas,Camiseta,21,Falk and Ross,Negro,2XL,1,Oversized
Camiseta,"3,93",,,Camisetas,Camiseta,21,Falk and Ross,Negro,3XL,1,Oversized
Camiseta,"3,93",,,Camisetas,Camiseta,21,Falk and Ross,Caqui,XS,1,Oversized
Camiseta,"3,93",,,Camisetas,Camiseta,21,Falk and Ross,Caqui,S,1,Oversized
Camiseta,"3,93",,,Camisetas,Camiseta,21,Falk and Ross,Caqui,M,2,Oversized
Camiseta,"3,93",,,Camisetas,Camiseta,21,Falk and Ross,Caqui,L,2,Oversized
Camiseta,"3,93",,,Camisetas,Camiseta,21,Falk and Ross,Caqui,XL,2,Oversized
Camiseta,"3,93",,,Camisetas,Camiseta,21,Falk and Ross,Caqui,3XL,1,Oversized
Parche,"0,65",,,Parches bordados,Parche,21,Falk and Ross,Blanco,,11,Sublimación
Parche,"0,77",,,Parches bordados,Parche,21,Falk and Ross,Charcoal,,1,Bordado
Parche,"0,77",,,Parches bordados,Parche,21,Falk and Ross,Militar,,5,Bordado
Parche,"0,77",,,Parches bordados,Parche,21,Falk and Ross,Caqui,,3,Bordado
Parche,"0,77",,,Parches bordados,Parche,21,Falk and Ross,Negro,,3,Bordado
Cartera,"1,77",,,"Bolsos, billeteras y estuches",Marroquinería,21,Falk and Ross,Rojo,,1,Cartera
Cartera,"1,77",,,"Bolsos, billeteras y estuches",Marroquinería,21,Falk and Ross,Negro,,4,Cartera
Cartera,"1,77",,,"Bolsos, billeteras y estuches",Marroquinería,21,Falk and Ross,Marino,,7,Cartera
Riñonera,"3,28",,,Riñoneras,Bolso,21,Falk and Ross,Marino,,1,Riñonera
Riñonera,"3,28",,,Riñoneras,Bolso,21,Falk and Ross,Militar,,1,Riñonera
Riñonera,"3,28",,,Riñoneras,Bolso,21,Falk and Ross,Negro,,1,Riñonera
Bandolera,"4,28",,,Bolsos bandolera,Bolso,21,Falk and Ross,Marino,,1,Bandolera
Barrel,"8,25",,,Bolsas de deporte,Bolso,21,Falk and Ross,Negro,,2,Barrel
Barrel,"8,25",,,Bolsas de deporte,Bolso,21,Falk and Ross,Rosa,,1,Barrel
Barrel,"8,25",,,Bolsas de deporte,Bolso,21,Falk and Ross,Marino,,2,Barrel
Calcetín,"0,7",,,Calcetines,Calcetín,21,Print Copy,Blanco,36-39,12,Sublimación
Calcetín,"0,7",,,Calcetines,Calcetín,21,Print Copy,Blanco,40-42,8,Sublimación
Calcetín,"0,7",,,Calcetines,Calcetín,21,Print Copy,Blanco,43-46,2,Sublimación
Calcetín,"0,7",,,Calcetines,Calcetín,21,Kool Things,Negro,43-46,20,Bordado
Calcetín,"0,7",,,Calcetines,Calcetín,21,Kool Things,Multicolor,40-46,16,Bordado
Calcetín,"0,7",,,Calcetines,Calcetín,21,Kool Things,Negro,38-44,16,Bordado
Calcetín,"0,7",,,Calcetines,Calcetín,21,Kool Things,Multicolor,38-44,2,Bordado
Tote,"0,83",,,"Bolsos, billeteras y estuches",Bolso,21,Falk and Ross,Charcoal,,3,Tote
Cuerdas,"1,14",,,"Bolsos, billeteras y estuches",Bolso,21,Falk and Ross,Verde,,1,Cuerdas
Tote,"0,83",,,"Bolsos, billeteras y estuches",Bolso,21,Falk and Ross,Amarillo,,4,Tote
Tote,"0,83",,,"Bolsos, billeteras y estuches",Bolso,21,Falk and Ross,Gris,,4,Tote
Cuerdas,"1,14",,,"Bolsos, billeteras y estuches",Bolso,21,Falk and Ross,Negro,,1,Cuerdas
Cuerdas,"1,14",,,"Bolsos, billeteras y estuches",Bolso,21,Falk and Ross,Rosa,,1,Cuerdas
Taza,"1,22",,,Tazas de café y té,Menaje,21,Print Copy,,,20,Taza
Libreta,"1,55",,,Libretas y blocs de notas,Cuaderno,21,Print Copy,,,7,Libreta rayas
Lámina,"0,07",,,Póster,Lámina,21,Digital Papel,,,100,A6 300gr
Lámina,"0,12",,,Póster,Lámina,21,Digital Papel,,,170,A4 300gr
Lámina,"0,25",,,Póster,Lámina,21,Digital Papel,,,121,A3 300gr
Lámina,"0,31",,,Póster,Lámina,21,Digital Papel,,,100,A3+ 300gr
Pegatinas,"0,26",,,Pegatinas y máquinas de pegatinas,Pegatina,21,Digital Papel,,,80,A4 Súper Agarre
Pegatinas,"0,31",,,Pegatinas y máquinas de pegatinas,Pegatina,21,Digital Papel,,,190,A4 21 Etiquetas
Pegatinas,"0,33",,,Pegatinas y máquinas de pegatinas,Pegatina,21,Digital Papel,,,90,A4 12 Etiquetas
Pegatinas,"0,3",,,Pegatinas y máquinas de pegatinas,Pegatina,21,Digital Papel,,,90,A4 4 Etiquetas